-- MySQL dump 10.13  Distrib 8.0.36, for macos14 (x86_64)
--
-- Host: 127.0.0.1    Database: busstat
-- ------------------------------------------------------
-- Server version	8.0.33

/*!40101 SET @OLD_CHARACTER_SET_CLIENT=@@CHARACTER_SET_CLIENT */;
/*!40101 SET @OLD_CHARACTER_SET_RESULTS=@@CHARACTER_SET_RESULTS */;
/*!40101 SET @OLD_COLLATION_CONNECTION=@@COLLATION_CONNECTION */;
/*!50503 SET NAMES utf8 */;
/*!40103 SET @OLD_TIME_ZONE=@@TIME_ZONE */;
/*!40103 SET TIME_ZONE='+00:00' */;
/*!40014 SET @OLD_UNIQUE_CHECKS=@@UNIQUE_CHECKS, UNIQUE_CHECKS=0 */;
/*!40014 SET @OLD_FOREIGN_KEY_CHECKS=@@FOREIGN_KEY_CHECKS, FOREIGN_KEY_CHECKS=0 */;
/*!40101 SET @OLD_SQL_MODE=@@SQL_MODE, SQL_MODE='NO_AUTO_VALUE_ON_ZERO' */;
/*!40111 SET @OLD_SQL_NOTES=@@SQL_NOTES, SQL_NOTES=0 */;

--
-- Table structure for table `cluster_unique`
--

DROP TABLE IF EXISTS `cluster_unique`;
/*!40101 SET @saved_cs_client     = @@character_set_client */;
/*!50503 SET character_set_client = utf8mb4 */;
CREATE TABLE `cluster_unique` (
  `ClusterId` int NOT NULL,
  `cluster_nm` varchar(45) DEFAULT NULL,
  PRIMARY KEY (`ClusterId`)
) ENGINE=InnoDB DEFAULT CHARSET=utf8mb4 COLLATE=utf8mb4_0900_ai_ci;
/*!40101 SET character_set_client = @saved_cs_client */;

--
-- Dumping data for table `cluster_unique`
--

LOCK TABLES `cluster_unique` WRITE;
/*!40000 ALTER TABLE `cluster_unique` DISABLE KEYS */;
INSERT INTO `cluster_unique` VALUES (-1,'לא מוגדר'),(11,'תל אביב'),(13,'מזרחי-בני ברק'),(14,'מזרחי-רמת גן'),(15,'דרומי-בת ים'),(16,'דרומי-ראשלצ-חולון\"'),(17,'פת-ת\"א\"'),(18,'תלמידים'),(19,'בת ים-רמת גן'),(71,'חולון עירוני ומטרופוליני+תחרות'),(72,'רשלצ פרברי\"'),(73,'רשלצ עירוני\"'),(74,'רחובות עירוני'),(75,'רחובות פרברי'),(76,'תל אביב-אשקלון'),(77,'תל אביב-גליל עמקים'),(81,'חיפה עירוני'),(83,'חיפה פרברי'),(84,'קריית שמונה-חיפה'),(85,'מתמז-קריות\"'),(86,'חדרה פרברי'),(87,'קריית שמונה עירוני'),(89,'כרמיאל עירוני כרמיאל-חיפה חיפה'),(91,'ירושלים עירוני'),(93,'ירושלים-בית שמש'),(94,'ירושלים-תל אביב'),(95,'ירושלים-ב.ברק קו 402'),(96,'ירושלים-שפלה'),(97,'ירושלים צפון-ציר מזרחי'),(98,'אשדוד-אשקלון-ירושלים'),(101,'אילת עירוני ובינעירוני'),(102,'אשכול דרומי'),(103,'חיפה-שרון-ירושלים'),(104,'ירושלים-באר שבע'),(110,'תל אביב-שרון-חיפה'),(111,'תל אביב-חדרה'),(112,'תחרות-קווי חרדים'),(117,'שרון חולון מרחבי'),(118,'חיפה-ירושלים-אילת'),(120,'העמקים'),(122,'קווי נצרת - נסיעות ותיירות'),(123,'קווי נצרת – שאמ'),(128,'הגליל'),(130,'רמת הגולן'),(132,'מרחב נצרת ג\'י.בי טורס'),(134,'ירושלים מרכז'),(135,'ירושלים קווי צפון'),(141,'צפון הנגב'),(142,'אילות'),(143,'רהט והנגב המערבי'),(150,'חשמונאים'),(152,'ביתר עילית ועמק האלה'),(155,'חדרה-נתניה'),(158,'אשדוד-יבנה-תא\"'),(159,'בית שמש'),(170,'פרוזדור ירושלים'),(171,'כביש 4 -ירושלים-בני ברק'),(176,'עוטף ירושלים'),(177,'שפירים-ירושלים'),(190,'שומרון'),(195,'השרון'),(201,'באר שבע עירוני'),(204,'אשדוד עירוני'),(205,'נתניה עירוני'),(207,'פתח תקוה-ראש העין'),(209,'אונו-אלעד'),(215,'מטרונית חיפה'),(222,'הנגב');
/*!40000 ALTER TABLE `cluster_unique` ENABLE KEYS */;
UNLOCK TABLES;

--
-- Table structure for table `officelineid`
--

DROP TABLE IF EXISTS `officelineid`;
/*!40101 SET @saved_cs_client     = @@character_set_client */;
/*!50503 SET character_set_client = utf8mb4 */;
CREATE TABLE `officelineid` (
  `OperatorId` int DEFAULT NULL,
  `ClusterId` int DEFAULT NULL,
  `OperatorLineId` int DEFAULT NULL,
  `OfficeLineId` int NOT NULL,
  PRIMARY KEY (`OfficeLineId`),
  KEY `fk_officelineid_operator` (`OperatorId`),
  KEY `fk_officelineid_cluster` (`ClusterId`),
  CONSTRAINT `fk_officelineid_cluster` FOREIGN KEY (`ClusterId`) REFERENCES `cluster_unique` (`ClusterId`),
  CONSTRAINT `fk_officelineid_cluster_unique` FOREIGN KEY (`ClusterId`) REFERENCES `cluster_unique` (`ClusterId`),
  CONSTRAINT `fk_officelineid_operator` FOREIGN KEY (`OperatorId`) REFERENCES `operator_unique` (`OperatorId`),
  CONSTRAINT `fk_officelineid_operator_unique` FOREIGN KEY (`OperatorId`) REFERENCES `operator_unique` (`OperatorId`)
) ENGINE=InnoDB DEFAULT CHARSET=utf8mb4 COLLATE=utf8mb4_0900_ai_ci;
/*!40101 SET character_set_client = @saved_cs_client */;

--
-- Dumping data for table `officelineid`
--

LOCK TABLES `officelineid` WRITE;
/*!40000 ALTER TABLE `officelineid` DISABLE KEYS */;
INSERT INTO `officelineid` VALUES (3,81,3,10003),(3,81,5,10005),(3,81,6,10006),(3,81,7,10007),(3,81,8,10008),(3,81,10,10010),(3,85,12,10012),(3,85,13,10013),(3,81,14,10014),(3,81,16,10016),(3,81,17,10017),(3,81,18,10018),(3,81,19,10019),(3,81,20,10020),(3,81,21,10021),(3,81,23,10023),(3,81,24,10024),(3,81,25,10025),(34,190,27,10027),(3,81,28,10028),(3,81,29,10029),(3,81,30,10030),(3,81,31,10031),(3,81,32,10032),(3,81,33,10033),(3,81,34,10034),(3,81,35,10035),(3,81,36,10036),(3,81,37,10037),(3,81,38,10038),(3,81,39,10039),(3,81,40,10040),(3,81,42,10042),(3,81,43,10043),(3,81,45,10045),(3,81,46,10046),(3,81,47,10047),(14,128,48,10048),(3,81,49,10049),(3,83,60,10060),(3,85,66,10066),(3,81,70,10070),(3,81,71,10071),(3,81,72,10072),(3,81,76,10076),(3,81,77,10077),(3,81,78,10078),(3,81,79,10079),(3,85,80,10080),(3,85,81,10081),(3,81,82,10082),(3,81,83,10083),(3,85,84,10084),(3,85,85,10085),(3,81,89,10089),(3,81,91,10091),(3,81,92,10092),(3,81,93,10093),(3,85,96,10096),(3,81,97,10097),(3,85,98,10098),(3,81,99,10099),(3,91,102,10102),(4,176,104,10104),(4,176,105,10105),(3,91,106,10106),(3,91,107,10107),(18,150,109,10109),(18,150,110,10110),(3,91,111,10111),(3,72,112,10112),(3,81,115,10115),(18,150,116,10116),(4,176,120,10120),(4,176,122,10122),(3,81,123,10123),(4,176,124,10124),(5,16,129,10129),(4,176,130,10130),(3,81,131,10131),(3,81,132,10132),(3,81,133,10133),(4,176,134,10134),(18,209,137,10137),(18,209,138,10138),(5,15,140,10140),(3,81,141,10141),(3,81,142,10142),(3,81,143,10143),(3,71,144,10144),(3,81,146,10146),(3,91,150,10150),(16,134,163,10163),(14,128,168,10168),(14,128,169,10169),(4,176,176,10176),(4,176,177,10177),(25,158,178,10178),(18,152,182,10182),(34,170,183,10183),(34,170,187,10187),(5,16,189,10189),(16,120,190,10190),(16,120,191,10191),(16,120,193,10193),(3,81,200,10200),(3,75,201,10201),(3,110,202,10202),(3,75,204,10204),(3,81,205,10205),(3,81,208,10208),(3,85,210,10210),(34,190,211,10211),(25,158,212,10212),(3,89,215,10215),(18,150,219,10219),(3,81,221,10221),(3,76,226,10226),(3,76,227,10227),(15,195,228,10228),(15,195,232,10232),(18,209,236,10236),(5,19,240,10240),(3,75,244,10244),(3,81,245,10245),(3,75,249,10249),(14,128,251,10251),(25,207,252,10252),(14,128,255,10255),(15,195,259,10259),(3,89,260,10260),(3,89,261,10261),(3,89,262,10262),(3,89,263,10263),(3,89,264,10264),(14,128,265,10265),(4,176,267,10267),(3,75,268,10268),(14,128,270,10270),(14,128,271,10271),(14,128,272,10272),(3,75,273,10273),(3,75,274,10274),(18,209,276,10276),(18,209,277,10277),(18,209,278,10278),(14,128,281,10281),(25,207,282,10282),(25,207,283,10283),(34,190,286,10286),(25,207,287,10287),(5,17,292,10292),(7,122,293,10293),(14,128,296,10296),(7,122,297,10297),(7,122,298,10298),(3,76,299,10299),(3,76,300,10300),(3,76,304,10304),(14,128,306,10306),(14,128,307,10307),(3,76,310,10310),(18,150,312,10312),(25,158,313,10313),(18,150,314,10314),(25,158,315,10315),(18,150,316,10316),(18,150,317,10317),(3,75,318,10318),(3,75,319,10319),(18,150,320,10320),(3,102,321,10321),(18,150,322,10322),(35,159,323,10323),(18,150,324,10324),(18,150,326,10326),(18,150,327,10327),(18,150,330,10330),(7,122,332,10332),(3,91,333,10333),(8,132,335,10335),(8,132,337,10337),(7,122,340,10340),(18,150,341,10341),(7,122,342,10342),(3,89,343,10343),(18,150,344,10344),(15,222,345,10345),(18,150,346,10346),(15,195,347,10347),(16,120,348,10348),(25,158,350,10350),(25,158,351,10351),(15,222,352,10352),(15,222,353,10353),(18,150,354,10354),(25,158,355,10355),(16,120,356,10356),(15,222,357,10357),(15,222,358,10358),(15,222,359,10359),(14,128,361,10361),(14,128,363,10363),(31,141,364,10364),(31,141,365,10365),(31,141,366,10366),(14,128,367,10367),(15,222,368,10368),(15,222,369,10369),(15,222,373,10373),(15,222,375,10375),(31,141,376,10376),(15,222,377,10377),(15,222,378,10378),(31,141,379,10379),(3,101,383,10383),(3,102,384,10384),(15,222,388,10388),(3,102,389,10389),(3,101,390,10390),(3,101,391,10391),(3,102,392,10392),(3,101,393,10393),(3,102,397,10397),(3,101,398,10398),(3,101,399,10399),(3,95,402,10402),(3,96,403,10403),(3,94,405,10405),(3,96,406,10406),(3,103,407,10407),(35,159,408,10408),(35,159,411,10411),(35,159,412,10412),(34,170,414,10414),(34,170,415,10415),(3,93,417,10417),(3,93,418,10418),(34,170,420,10420),(3,102,421,10421),(25,171,422,10422),(3,96,424,10424),(3,71,425,10425),(3,103,426,10426),(25,171,428,10428),(25,171,429,10429),(3,89,430,10430),(3,96,431,10431),(16,120,432,10432),(3,96,433,10433),(3,96,434,10434),(3,98,436,10436),(3,98,437,10437),(3,98,438,10438),(3,96,439,10439),(4,176,440,10440),(3,77,442,10442),(3,118,444,10444),(3,118,445,10445),(3,104,446,10446),(3,96,447,10447),(3,98,448,10448),(3,98,450,10450),(3,98,451,10451),(18,150,452,10452),(23,143,453,10453),(25,158,454,10454),(18,150,455,10455),(3,96,456,10456),(18,150,457,10457),(15,222,458,10458),(18,150,461,10461),(18,150,462,10462),(5,14,463,10463),(4,176,465,10465),(5,11,466,10466),(4,176,468,10468),(3,104,470,10470),(3,94,471,10471),(18,150,475,10475),(18,150,476,10476),(3,94,480,10480),(3,94,481,10481),(3,118,486,10486),(3,118,487,10487),(23,143,492,10492),(23,143,494,10494),(23,143,495,10495),(23,143,496,10496),(35,159,497,10497),(3,84,500,10500),(15,117,504,10504),(3,84,505,10505),(18,150,506,10506),(3,84,509,10509),(14,128,511,10511),(15,117,524,10524),(15,117,525,10525),(15,117,531,10531),(15,117,532,10532),(8,132,537,10537),(3,77,541,10541),(3,77,542,10542),(3,112,543,10543),(3,112,546,10546),(3,112,547,10547),(25,171,548,10548),(3,112,549,10549),(3,112,550,10550),(15,117,551,10551),(3,112,552,10552),(15,117,553,10553),(3,112,554,10554),(3,112,555,10555),(3,112,556,10556),(3,112,557,10557),(3,112,558,10558),(15,222,559,10559),(3,112,560,10560),(15,117,561,10561),(15,117,564,10564),(15,117,565,10565),(25,207,566,10566),(15,117,567,10567),(15,117,570,10570),(15,117,572,10572),(15,117,575,10575),(15,117,576,10576),(18,150,581,10581),(18,150,582,10582),(18,150,583,10583),(18,150,584,10584),(18,150,585,10585),(18,150,586,10586),(18,150,587,10587),(15,222,588,10588),(18,150,589,10589),(18,209,590,10590),(18,209,595,10595),(18,209,596,10596),(35,159,597,10597),(25,207,599,10599),(15,117,600,10600),(15,117,601,10601),(15,117,602,10602),(15,117,604,10604),(15,117,605,10605),(15,117,606,10606),(15,117,607,10607),(15,117,610,10610),(15,117,612,10612),(15,117,613,10613),(15,117,614,10614),(15,117,615,10615),(15,117,616,10616),(15,117,617,10617),(34,170,619,10619),(15,117,621,10621),(15,117,623,10623),(15,117,624,10624),(18,155,625,10625),(18,155,627,10627),(34,170,629,10629),(18,155,631,10631),(18,155,634,10634),(34,170,637,10637),(34,170,638,10638),(34,170,639,10639),(18,155,640,10640),(18,155,641,10641),(18,155,642,10642),(15,117,650,10650),(15,222,660,10660),(18,150,681,10681),(18,150,683,10683),(15,222,684,10684),(18,150,685,10685),(15,222,687,10687),(15,222,688,10688),(15,222,689,10689),(18,155,691,10691),(18,155,692,10692),(18,155,693,10693),(18,155,694,10694),(3,111,703,10703),(18,155,705,10705),(18,155,706,10706),(18,155,708,10708),(18,155,710,10710),(18,155,716,10716),(3,91,728,10728),(18,155,730,10730),(16,134,735,10735),(3,91,740,10740),(3,91,741,10741),(3,91,742,10742),(3,91,743,10743),(16,134,746,10746),(16,134,749,10749),(16,134,750,10750),(3,91,752,10752),(3,91,753,10753),(3,91,754,10754),(3,91,755,10755),(38,135,756,10756),(38,135,757,10757),(38,135,758,10758),(3,91,760,10760),(3,91,762,10762),(3,91,763,10763),(38,135,765,10765),(18,155,768,10768),(3,102,770,10770),(3,91,771,10771),(3,91,772,10772),(16,134,773,10773),(3,91,774,10774),(3,91,780,10780),(3,91,781,10781),(3,81,783,10783),(3,91,784,10784),(3,91,786,10786),(3,81,787,10787),(3,81,788,10788),(3,81,789,10789),(3,101,790,10790),(3,91,791,10791),(3,91,792,10792),(3,81,793,10793),(3,81,794,10794),(3,81,795,10795),(18,155,796,10796),(14,128,797,10797),(3,81,798,10798),(3,91,800,10800),(18,150,801,10801),(3,91,802,10802),(3,91,803,10803),(16,134,804,10804),(3,91,805,10805),(3,91,806,10806),(3,111,807,10807),(3,91,810,10810),(3,91,812,10812),(3,91,813,10813),(3,91,814,10814),(3,91,815,10815),(3,91,816,10816),(3,91,817,10817),(3,77,821,10821),(16,134,822,10822),(3,77,825,10825),(3,77,826,10826),(3,77,827,10827),(7,122,828,10828),(3,77,832,10832),(3,77,834,10834),(3,77,836,10836),(3,77,838,10838),(3,77,840,10840),(3,77,843,10843),(3,77,845,10845),(3,77,846,10846),(3,77,847,10847),(3,77,848,10848),(3,77,849,10849),(16,120,851,10851),(3,111,852,10852),(3,77,853,10853),(16,120,854,10854),(31,141,856,10856),(16,120,869,10869),(3,77,870,10870),(18,150,873,10873),(18,150,875,10875),(3,77,880,10880),(18,150,881,10881),(18,150,882,10882),(18,150,883,10883),(18,150,885,10885),(3,112,888,10888),(18,150,89,10889),(18,150,892,10892),(3,118,893,10893),(3,110,900,10900),(3,91,902,10902),(3,91,903,10903),(3,91,904,10904),(3,91,905,10905),(3,110,909,10909),(3,110,910,10910),(3,110,921,10921),(3,103,930,10930),(3,103,940,10940),(4,176,941,10941),(3,103,942,10942),(3,103,944,10944),(3,103,947,10947),(4,176,949,10949),(3,103,950,10950),(3,77,951,10951),(3,97,952,10952),(3,97,953,10953),(3,110,954,10954),(3,97,955,10955),(3,118,958,10958),(3,97,959,10959),(3,103,960,10960),(3,97,961,10961),(3,97,962,10962),(3,97,963,10963),(3,97,964,10964),(3,97,965,10965),(3,97,966,10966),(3,97,968,10968),(16,120,969,10969),(3,110,970,10970),(3,110,971,10971),(3,103,972,10972),(3,110,973,10973),(3,110,974,10974),(3,110,975,10975),(3,103,976,10976),(14,128,977,10977),(14,128,980,10980),(14,128,981,10981),(14,128,982,10982),(14,128,984,10984),(14,128,985,10985),(14,128,987,10987),(14,128,988,10988),(34,190,989,10989),(3,118,991,10991),(3,118,992,10992),(3,118,993,10993),(3,118,994,10994),(3,103,996,10996),(3,103,997,10997),(3,110,998,10998),(3,103,999,10999),(3,81,3,11003),(3,87,5,11005),(3,85,8,11008),(3,81,9,11009),(3,85,11,11011),(3,81,12,11012),(3,81,13,11013),(3,87,20,11020),(3,87,24,11024),(34,190,26,11026),(3,86,28,11028),(3,87,30,11030),(3,87,32,11032),(3,87,34,11034),(3,87,35,11035),(3,87,36,11036),(3,86,43,11043),(3,86,44,11044),(3,86,47,11047),(3,89,56,11056),(14,128,61,11061),(3,83,62,11062),(14,128,64,11064),(3,102,65,11065),(14,128,68,11068),(3,83,70,11070),(3,86,77,11077),(3,89,78,11078),(3,81,80,11080),(3,81,81,11081),(3,87,84,11084),(3,81,85,11085),(3,85,87,11087),(3,81,88,11088),(3,87,89,11089),(3,85,90,11090),(3,85,92,11092),(3,85,93,11093),(3,81,94,11094),(3,81,95,11095),(3,81,96,11096),(3,81,101,11101),(3,91,103,11103),(34,170,115,11115),(15,195,118,11118),(5,16,119,11119),(4,176,123,11123),(15,117,126,11126),(18,152,128,11128),(31,141,130,11130),(4,176,131,11131),(4,176,132,11132),(4,176,133,11133),(4,176,135,11135),(3,81,136,11136),(18,152,138,11138),(4,176,140,11140),(4,176,142,11142),(4,176,143,11143),(4,176,145,11145),(4,176,151,11151),(4,176,152,11152),(4,176,153,11153),(4,176,155,11155),(4,176,156,11156),(4,176,157,11157),(4,176,158,11158),(3,75,159,11159),(5,13,160,11160),(3,75,164,11164),(14,128,165,11165),(14,128,166,11166),(14,128,167,11167),(18,209,168,11168),(14,128,170,11170),(14,128,172,11172),(14,128,173,11173),(4,176,174,11174),(18,209,176,11176),(18,152,177,11177),(4,176,178,11178),(18,209,179,11179),(4,176,182,11182),(25,207,183,11183),(16,120,184,11184),(34,170,185,11185),(34,170,186,11186),(16,120,188,11188),(34,170,189,11189),(34,170,190,11190),(34,170,191,11191),(18,152,194,11194),(18,152,198,11198),(18,152,199,11199),(18,150,200,11200),(18,150,201,11201),(18,150,202,11202),(3,75,205,11205),(4,176,209,11209),(18,150,210,11210),(25,158,213,11213),(4,176,215,11215),(4,176,216,11216),(3,73,221,11221),(25,158,223,11223),(18,152,224,11224),(18,152,225,11225),(15,195,229,11229),(15,195,230,11230),(15,195,231,11231),(3,87,235,11235),(3,81,236,11236),(3,81,237,11237),(18,152,238,11238),(18,150,240,11240),(16,120,247,11247),(15,195,249,11249),(18,209,251,11251),(31,141,252,11252),(4,176,253,11253),(4,176,254,11254),(4,176,259,11259),(4,176,260,11260),(4,176,262,11262),(4,176,264,11264),(5,17,266,11266),(34,190,267,11267),(4,176,269,11269),(3,72,270,11270),(14,128,273,11273),(34,190,276,11276),(3,75,277,11277),(18,209,280,11280),(18,209,283,11283),(5,16,289,11289),(7,122,290,11290),(14,128,294,11294),(14,128,295,11295),(7,122,296,11296),(7,122,299,11299),(16,120,300,11300),(3,76,301,11301),(16,120,302,11302),(14,128,305,11305),(18,150,306,11306),(18,150,307,11307),(18,150,310,11310),(25,158,312,11312),(14,128,313,11313),(25,158,314,11314),(25,158,319,11319),(25,158,320,11320),(18,150,321,11321),(25,158,322,11322),(25,158,323,11323),(25,158,324,11324),(31,141,325,11325),(25,158,326,11326),(25,158,330,11330),(8,132,331,11331),(8,132,334,11334),(8,132,336,11336),(18,150,337,11337),(18,150,340,11340),(18,150,342,11342),(15,222,343,11343),(8,132,344,11344),(18,150,347,11347),(18,150,348,11348),(18,150,357,11357),(8,132,358,11358),(31,141,363,11363),(4,176,364,11364),(7,122,365,11365),(15,222,367,11367),(14,128,368,11368),(15,222,370,11370),(4,176,376,11376),(18,209,377,11377),(18,209,379,11379),(15,222,380,11380),(4,176,384,11384),(34,190,388,11388),(34,190,389,11389),(16,120,395,11395),(18,209,398,11398),(25,171,401,11401),(4,176,409,11409),(4,176,410,11410),(16,120,411,11411),(16,120,412,11412),(5,15,418,11418),(3,93,419,11419),(25,171,421,11421),(25,171,423,11423),(34,170,424,11424),(25,171,425,11425),(7,122,431,11431),(3,96,432,11432),(3,89,434,11434),(3,96,435,11435),(18,209,436,11436),(8,132,437,11437),(7,122,440,11440),(31,141,442,11442),(31,141,445,11445),(34,190,449,11449),(18,150,451,11451),(18,209,453,11453),(18,150,454,11454),(23,143,455,11455),(23,143,456,11456),(16,120,457,11457),(18,150,458,11458),(18,150,460,11460),(4,176,461,11461),(4,176,462,11462),(18,150,464,11464),(4,176,467,11467),(23,143,468,11468),(25,207,470,11470),(14,128,471,11471),(25,207,472,11472),(25,207,473,11473),(18,150,474,11474),(3,94,482,11482),(3,94,483,11483),(34,170,484,11484),(31,141,485,11485),(34,190,486,11486),(34,170,490,11490),(18,150,500,11500),(15,117,501,11501),(18,150,502,11502),(18,150,503,11503),(18,150,504,11504),(15,117,505,11505),(16,134,517,11517),(14,128,522,11522),(18,150,535,11535),(18,150,536,11536),(38,135,541,11541),(7,122,553,11553),(7,122,554,11554),(18,209,555,11555),(18,209,556,11556),(14,128,564,11564),(15,222,570,11570),(18,209,577,11577),(18,150,588,11588),(23,143,593,11593),(15,117,609,11609),(18,150,613,11613),(34,170,614,11614),(34,170,615,11615),(34,170,616,11616),(34,170,617,11617),(34,170,618,11618),(34,170,621,11621),(18,155,632,11632),(15,222,669,11669),(18,150,686,11686),(15,117,699,11699),(16,134,729,11729),(31,141,756,11756),(18,155,774,11774),(18,155,777,11777),(18,150,781,11781),(3,91,782,11782),(3,91,783,11783),(3,110,784,11784),(3,91,785,11785),(3,91,787,11787),(3,91,790,11790),(3,81,791,11791),(3,86,792,11792),(16,134,793,11793),(3,91,794,11794),(3,71,795,11795),(3,77,800,11800),(3,91,801,11801),(3,91,807,11807),(16,134,823,11823),(16,134,824,11824),(16,134,825,11825),(7,122,833,11833),(18,150,841,11841),(3,91,842,11842),(38,135,843,11843),(16,134,844,11844),(3,91,845,11845),(16,120,849,11849),(25,207,850,11850),(16,134,851,11851),(16,120,855,11855),(18,150,871,11871),(18,150,872,11872),(3,111,873,11873),(16,134,882,11882),(18,150,884,11884),(18,150,891,11891),(18,150,893,11893),(18,150,895,11895),(5,18,900,11900),(3,91,901,11901),(15,117,909,11909),(16,134,931,11931),(16,134,933,11933),(4,176,943,11943),(3,91,950,11950),(3,91,951,11951),(3,91,952,11952),(3,91,953,11953),(31,141,956,11956),(3,110,957,11957),(34,190,960,11960),(34,190,961,11961),(34,190,962,11962),(34,190,963,11963),(34,190,964,11964),(14,128,967,11967),(3,91,970,11970),(3,91,971,11971),(3,91,972,11972),(3,110,988,11988),(14,128,989,11989),(14,128,990,11990),(14,128,991,11991),(14,128,992,11992),(14,128,994,11994),(14,128,2,12002),(3,87,3,12003),(3,81,4,12004),(3,86,5,12005),(3,89,6,12006),(3,89,7,12007),(3,81,11,12011),(3,81,12,12012),(3,86,14,12014),(3,91,22,12022),(38,135,25,12025),(3,74,27,12027),(3,86,34,12034),(3,91,35,12035),(3,91,37,12037),(3,74,38,12038),(3,91,39,12039),(3,86,42,12042),(3,91,50,12050),(3,91,53,12053),(3,83,55,12055),(3,73,58,12058),(3,73,59,12059),(3,83,63,12063),(3,91,65,12065),(3,91,67,12067),(3,91,69,12069),(3,81,80,12080),(3,81,81,12081),(3,87,83,12083),(3,87,85,12085),(3,87,86,12086),(3,81,87,12087),(3,81,88,12088),(3,86,89,12089),(3,81,90,12090),(3,81,91,12091),(3,81,92,12092),(3,81,93,12093),(3,87,94,12094),(3,87,96,12096),(18,150,106,12106),(18,150,107,12107),(18,150,111,12111),(18,150,112,12112),(16,120,117,12117),(16,120,118,12118),(34,190,121,12121),(15,195,123,12123),(5,15,125,12125),(18,152,129,12129),(34,190,130,12130),(18,152,131,12131),(31,141,134,12134),(4,176,137,12137),(4,176,138,12138),(15,117,140,12140),(5,19,142,12142),(3,71,143,12143),(15,222,144,12144),(15,195,145,12145),(4,176,146,12146),(18,152,148,12148),(15,195,149,12149),(18,150,150,12150),(34,190,151,12151),(18,150,153,12153),(4,176,154,12154),(18,150,155,12155),(18,150,157,12157),(15,222,158,12158),(4,176,159,12159),(18,150,160,12160),(5,13,161,12161),(15,222,162,12162),(3,72,163,12163),(31,141,164,12164),(3,75,165,12165),(3,75,166,12166),(3,75,167,12167),(3,71,171,12171),(5,16,172,12172),(3,72,174,12174),(14,128,176,12176),(18,209,180,12180),(16,120,181,12181),(18,152,184,12184),(34,190,185,12185),(34,190,186,12186),(34,170,188,12188),(34,190,189,12189),(18,152,192,12192),(34,170,195,12195),(4,176,202,12202),(18,150,208,12208),(18,150,209,12209),(3,81,216,12216),(18,150,220,12220),(3,75,222,12222),(3,81,224,12224),(18,150,229,12229),(18,150,230,12230),(18,155,233,12233),(18,152,237,12237),(5,17,238,12238),(18,150,239,12239),(31,141,240,12240),(18,152,241,12241),(18,152,242,12242),(18,152,244,12244),(18,150,245,12245),(15,195,247,12247),(16,120,248,12248),(18,150,249,12249),(25,207,250,12250),(25,207,251,12251),(4,176,252,12252),(25,207,253,12253),(4,176,256,12256),(4,176,257,12257),(18,150,258,12258),(25,207,260,12260),(3,75,264,12264),(4,176,265,12265),(18,209,270,12270),(3,71,271,12271),(34,190,275,12275),(15,117,278,12278),(25,158,280,12280),(18,209,281,12281),(25,158,284,12284),(34,190,285,12285),(34,190,288,12288),(34,190,289,12289),(18,152,291,12291),(18,152,292,12292),(18,152,293,12293),(18,152,294,12294),(18,152,295,12295),(18,152,297,12297),(18,152,298,12298),(18,150,300,12300),(16,120,301,12301),(3,76,302,12302),(18,150,304,12304),(16,120,305,12305),(18,150,308,12308),(18,150,311,12311),(14,128,312,12312),(25,158,317,12317),(18,150,318,12318),(25,158,321,12321),(31,141,323,12323),(25,158,325,12325),(18,150,328,12328),(8,132,333,12333),(18,150,336,12336),(25,207,337,12337),(18,150,338,12338),(4,176,345,12345),(15,222,348,12348),(15,195,349,12349),(16,120,350,12350),(16,120,354,12354),(25,158,356,12356),(31,141,361,12361),(4,176,363,12363),(14,128,364,12364),(4,176,366,12366),(4,176,372,12372),(4,176,374,12374),(4,176,377,12377),(15,222,386,12386),(15,222,387,12387),(3,96,408,12408),(3,95,411,12411),(3,95,412,12412),(25,171,427,12427),(34,190,437,12437),(34,190,440,12440),(3,98,441,12441),(18,209,446,12446),(16,120,450,12450),(23,143,451,12451),(23,143,452,12452),(23,143,454,12454),(15,222,459,12459),(3,104,460,12460),(14,128,464,12464),(31,141,465,12465),(4,176,466,12466),(23,143,467,12467),(15,195,468,12468),(15,222,469,12469),(25,158,474,12474),(18,209,477,12477),(34,190,481,12481),(25,171,485,12485),(3,71,489,12489),(7,122,490,12490),(23,143,498,12498),(34,190,499,12499),(18,150,501,12501),(3,84,503,12503),(16,134,531,12531),(18,150,580,12580),(15,222,587,12587),(15,222,589,12589),(23,143,592,12592),(23,143,594,12594),(34,170,600,12600),(15,117,619,12619),(34,170,620,12620),(34,170,626,12626),(34,170,630,12630),(18,155,636,12636),(3,111,704,12704),(3,91,716,12716),(7,122,720,12720),(18,155,729,12729),(3,91,745,12745),(7,122,750,12750),(16,120,773,12773),(16,120,793,12793),(3,91,811,12811),(3,91,821,12821),(16,120,850,12850),(16,134,870,12870),(3,91,890,12890),(3,91,900,12900),(3,110,905,12905),(3,97,912,12912),(14,128,983,12983),(3,103,989,12989),(14,128,993,12993),(3,89,2,13002),(3,89,3,13003),(3,87,4,13004),(3,86,6,13006),(3,86,7,13007),(3,86,8,13008),(3,86,11,13011),(3,86,12,13012),(3,73,14,13014),(3,86,15,13015),(3,91,16,13016),(4,176,23,13023),(37,205,25,13025),(3,74,26,13026),(3,91,27,13027),(3,74,31,13031),(3,91,33,13033),(31,141,35,13035),(3,91,36,13036),(5,14,39,13039),(3,91,42,13042),(38,135,45,13045),(3,91,47,13047),(3,91,52,13052),(3,83,53,13053),(3,91,54,13054),(3,91,59,13059),(3,91,64,13064),(5,14,67,13067),(3,91,68,13068),(3,81,80,13080),(3,87,81,13081),(3,83,85,13085),(3,83,86,13086),(3,81,87,13087),(3,87,88,13088),(3,81,90,13090),(3,81,91,13091),(3,87,92,13092),(3,81,93,13093),(3,86,95,13095),(3,86,96,13096),(34,190,100,13100),(5,11,104,13104),(18,150,105,13105),(3,81,110,13110),(3,81,111,13111),(3,81,112,13112),(18,150,113,13113),(18,150,114,13114),(5,11,116,13116),(4,176,121,13121),(18,152,132,13132),(18,152,133,13133),(5,17,138,13138),(18,209,139,13139),(25,158,140,13140),(4,176,141,13141),(15,117,142,13142),(3,71,146,13146),(15,195,147,13147),(18,152,149,13149),(25,158,150,13150),(25,158,151,13151),(25,158,152,13152),(18,150,153,13153),(18,150,156,13156),(18,150,158,13158),(18,150,159,13159),(18,155,160,13160),(34,190,161,13161),(18,150,162,13162),(5,17,166,13166),(4,176,167,13167),(4,176,168,13168),(14,128,171,13171),(3,72,173,13173),(14,128,174,13174),(18,152,176,13176),(7,122,178,13178),(16,120,180,13180),(34,190,181,13181),(25,158,182,13182),(4,176,183,13183),(34,190,184,13184),(16,120,185,13185),(34,190,188,13188),(3,72,193,13193),(4,176,211,13211),(18,150,215,13215),(25,158,220,13220),(18,152,221,13221),(34,190,230,13230),(18,150,239,13239),(18,155,241,13241),(16,120,242,13242),(18,155,243,13243),(18,155,244,13244),(18,152,245,13245),(16,120,246,13246),(18,150,247,13247),(3,102,248,13248),(31,141,250,13250),(34,190,251,13251),(14,128,252,13252),(34,190,257,13257),(4,176,270,13270),(18,209,271,13271),(18,209,275,13275),(7,122,280,13280),(18,152,290,13290),(34,190,291,13291),(34,190,294,13294),(34,190,295,13295),(18,155,297,13297),(18,155,299,13299),(25,207,300,13300),(18,150,301,13301),(7,122,309,13309),(14,128,311,13311),(35,159,324,13324),(7,122,325,13325),(3,75,326,13326),(18,150,331,13331),(18,150,332,13332),(25,158,333,13333),(18,150,334,13334),(25,158,340,13340),(14,128,360,13360),(4,176,361,13361),(4,176,362,13362),(15,222,371,13371),(3,72,374,13374),(18,150,385,13385),(34,170,387,13387),(34,190,390,13390),(25,171,400,13400),(16,120,407,13407),(4,176,411,13411),(3,95,413,13413),(3,95,416,13416),(16,120,426,13426),(18,209,445,13445),(23,143,450,13450),(25,158,452,13452),(16,120,456,13456),(23,143,457,13457),(3,98,459,13459),(23,143,462,13462),(4,176,463,13463),(4,176,469,13469),(25,207,471,13471),(4,176,472,13472),(25,207,478,13478),(7,122,488,13488),(3,94,490,13490),(18,152,570,13570),(34,190,586,13586),(15,117,603,13603),(15,117,608,13608),(15,117,611,13611),(18,155,701,13701),(16,134,932,13932),(4,176,946,13946),(3,89,1,14001),(14,128,2,14002),(14,128,3,14003),(3,89,4,14004),(3,91,9,14009),(3,91,10,14010),(3,74,17,14017),(3,73,20,14020),(3,91,23,14023),(3,91,24,14024),(15,117,26,14026),(37,205,27,14027),(31,141,29,14029),(3,76,31,14031),(3,91,32,14032),(31,141,36,14036),(6,123,37,14037),(8,132,38,14038),(14,128,39,14039),(3,91,40,14040),(5,11,41,14041),(5,14,45,14045),(31,141,47,14047),(3,102,48,14048),(3,102,49,14049),(3,91,51,14051),(3,83,52,14052),(3,83,54,14054),(4,176,59,14059),(5,14,65,14065),(25,204,66,14066),(18,155,67,14067),(18,209,68,14068),(16,120,69,14069),(3,87,80,14080),(3,87,87,14087),(3,87,91,14091),(3,87,93,14093),(3,86,94,14094),(3,74,98,14098),(18,150,101,14101),(34,190,102,14102),(18,150,103,14103),(14,128,115,14115),(15,195,124,14124),(4,176,126,14126),(4,176,127,14127),(5,17,128,14128),(31,141,133,14133),(16,134,136,14136),(3,81,137,14137),(18,152,139,14139),(25,158,141,14141),(4,176,144,14144),(34,190,150,14150),(18,155,151,14151),(34,190,152,14152),(34,190,153,14153),(18,150,154,14154),(16,120,156,14156),(16,120,157,14157),(24,130,159,14159),(15,222,160,14160),(18,155,163,14163),(15,222,170,14170),(34,190,174,14174),(3,72,190,14190),(25,207,199,14199),(3,81,217,14217),(18,150,222,14222),(18,152,226,14226),(18,155,240,14240),(18,155,241,14241),(15,195,248,14248),(4,176,250,14250),(31,141,251,14251),(18,209,256,14256),(5,14,267,14267),(3,75,276,14276),(18,209,282,14282),(8,132,288,14288),(34,190,290,14290),(18,152,296,14296),(15,195,298,14298),(7,122,310,14310),(14,128,322,14322),(31,141,330,14330),(14,128,347,14347),(16,120,352,14352),(4,176,360,14360),(25,207,364,14364),(4,176,365,14365),(14,128,369,14369),(4,176,382,14382),(18,150,384,14384),(34,190,386,14386),(16,120,413,14413),(3,95,414,14414),(18,209,444,14444),(7,122,451,14451),(25,158,453,14453),(25,158,455,14455),(15,222,457,14457),(23,143,466,14466),(4,176,475,14475),(3,94,488,14488),(16,134,506,14506),(16,134,580,14580),(18,209,597,14597),(23,143,598,14598),(18,155,620,14620),(16,134,850,14850),(16,120,856,14856),(3,91,860,14860),(3,97,967,14967),(14,128,978,14978),(14,128,979,14979),(14,128,1,15001),(3,86,2,15002),(3,86,3,15003),(3,86,4,15004),(25,204,9,15009),(25,204,10,15010),(3,74,13,15013),(3,91,14,15014),(3,101,15,15015),(3,74,16,15016),(3,73,18,15018),(3,91,19,15019),(25,204,23,15023),(5,15,25,15025),(3,91,26,15026),(31,141,30,15030),(16,134,31,15031),(14,128,39,15039),(5,19,42,15042),(3,91,48,15048),(3,91,49,15049),(7,122,50,15050),(5,17,51,15051),(5,14,52,15052),(3,102,56,15056),(3,102,57,15057),(5,14,58,15058),(7,122,59,15059),(5,14,60,15060),(7,122,65,15065),(5,17,66,15066),(15,222,68,15068),(18,209,69,15069),(3,85,73,15073),(3,71,78,15078),(3,83,87,15087),(3,75,88,15088),(3,89,90,15090),(3,83,92,15092),(3,83,93,15093),(3,91,98,15098),(34,190,101,15101),(34,170,102,15102),(34,190,103,15103),(18,150,104,15104),(14,128,109,15109),(32,201,112,15112),(25,207,114,15114),(34,170,119,15119),(4,176,125,15125),(18,150,130,15130),(18,155,133,15133),(34,190,134,15134),(31,141,136,15136),(15,195,139,15139),(24,130,142,15142),(37,205,143,15143),(3,81,144,15144),(3,71,145,15145),(4,176,147,15147),(4,176,148,15148),(4,176,149,15149),(7,122,150,15150),(4,176,166,15166),(18,209,173,15173),(18,209,174,15174),(14,128,175,15175),(25,158,177,15177),(14,128,178,15178),(25,158,181,15181),(4,176,184,15184),(15,195,213,15213),(3,73,220,15220),(25,207,255,15255),(25,207,256,15256),(25,207,258,15258),(4,176,268,15268),(25,158,281,15281),(34,170,289,15289),(16,120,296,15296),(25,207,301,15301),(3,72,316,15316),(25,158,336,15336),(15,222,342,15342),(25,158,359,15359),(4,176,371,15371),(4,176,380,15380),(4,176,381,15381),(34,190,391,15391),(31,141,464,15464),(23,143,471,15471),(25,171,489,15489),(16,134,504,15504),(35,159,507,15507),(18,155,635,15635),(3,101,794,15794),(3,83,1,16001),(3,75,5,16005),(37,205,9,16009),(31,141,10,16010),(3,73,11,16011),(3,102,12,16012),(3,74,13,16013),(3,74,15,16015),(3,101,16,16016),(31,141,19,16019),(3,91,20,16020),(3,86,22,16022),(37,205,23,16023),(15,117,24,16024),(8,132,25,16025),(8,132,27,16027),(3,91,28,16028),(7,122,29,16029),(25,204,33,16033),(25,204,34,16034),(15,195,39,16039),(5,19,40,16040),(14,128,41,16041),(37,205,43,16043),(14,128,44,16044),(14,128,45,16045),(14,128,46,16046),(37,205,48,16048),(37,205,49,16049),(16,120,50,16050),(5,11,54,16054),(3,91,56,16056),(3,91,57,16057),(7,122,58,16058),(15,222,59,16059),(7,122,60,16060),(5,14,61,16061),(14,128,65,16065),(6,123,66,16066),(15,222,67,16067),(18,155,68,16068),(3,71,71,16071),(3,85,72,16072),(3,85,74,16074),(3,71,76,16076),(18,150,78,16078),(25,204,79,16079),(3,86,90,16090),(3,86,92,16092),(14,128,95,16095),(3,91,96,16096),(3,85,97,16097),(14,128,98,16098),(3,112,111,16111),(18,209,115,16115),(18,150,117,16117),(34,170,118,16118),(8,132,123,16123),(14,128,125,16125),(14,128,129,16129),(4,176,139,16139),(24,130,143,16143),(15,222,145,16145),(24,130,147,16147),(14,128,149,16149),(14,128,150,16150),(18,150,151,16151),(15,222,152,16152),(14,128,157,16157),(34,170,180,16180),(18,150,217,16217),(25,158,221,16221),(18,152,222,16222),(3,75,225,16225),(18,152,239,16239),(18,155,263,16263),(3,75,272,16272),(34,190,284,16284),(3,71,296,16296),(14,128,300,16300),(25,207,302,16302),(14,128,303,16303),(7,122,327,16327),(31,141,332,16332),(7,122,353,16353),(7,122,380,16380),(18,209,385,16385),(18,155,391,16391),(23,143,460,16460),(4,176,464,16464),(23,143,499,16499),(15,117,510,16510),(34,190,589,16589),(3,86,1,17001),(3,73,6,17006),(3,73,7,17007),(31,141,8,17008),(5,11,9,17009),(37,205,10,17010),(3,71,11,17011),(3,71,14,17014),(37,205,16,17016),(3,73,17,17017),(3,74,18,17018),(37,205,19,17019),(3,91,21,17021),(31,141,22,17022),(5,11,23,17023),(8,132,24,17024),(8,132,26,17026),(14,128,27,17027),(18,155,29,17029),(5,11,31,17031),(8,132,32,17032),(5,11,33,17033),(5,13,34,17034),(15,222,37,17037),(25,158,38,17038),(18,155,41,17041),(14,128,42,17042),(5,19,43,17043),(18,155,44,17044),(14,128,45,17045),(18,155,46,17046),(14,128,47,17047),(25,207,49,17049),(7,122,51,17051),(7,122,52,17052),(18,155,53,17053),(3,91,55,17055),(4,176,57,17057),(18,155,58,17058),(18,150,59,17059),(7,122,61,17061),(5,14,63,17063),(18,155,64,17064),(18,155,65,17065),(14,128,66,17066),(14,128,67,17067),(16,120,68,17068),(18,155,69,17069),(16,134,71,17071),(16,134,72,17072),(25,204,76,17076),(18,209,78,17078),(15,195,79,17079),(3,102,84,17084),(3,81,95,17095),(14,128,96,17096),(3,81,98,17098),(3,91,108,17108),(15,195,113,17113),(14,128,126,17126),(14,128,127,17127),(18,152,137,17137),(18,155,139,17139),(25,158,142,17142),(3,81,145,17145),(15,195,148,17148),(14,128,151,17151),(7,122,158,17158),(15,222,161,17161),(15,222,163,17163),(4,176,164,17164),(4,176,165,17165),(18,155,173,17173),(14,128,177,17177),(14,128,179,17179),(7,122,180,17180),(3,81,225,17225),(7,122,240,17240),(18,152,246,17246),(3,75,254,17254),(14,128,282,17282),(14,128,285,17285),(34,190,292,17292),(34,190,293,17293),(25,207,303,17303),(14,128,371,17371),(3,95,409,17409),(18,150,450,17450),(25,158,464,17464),(3,110,977,17977),(3,86,1,18001),(3,101,5,18005),(3,101,6,18006),(3,91,7,18007),(25,204,8,18008),(6,123,9,18009),(5,16,10,18010),(3,73,12,18012),(3,91,13,18013),(37,205,14,18014),(31,141,15,18015),(31,141,16,18016),(3,91,17,18017),(3,91,18,18018),(5,16,19,18019),(37,205,20,18020),(25,204,22,18022),(14,128,24,18024),(14,128,25,18025),(15,195,27,18027),(7,122,30,18030),(14,128,40,18040),(14,128,44,18044),(18,155,45,18045),(15,222,46,18046),(18,155,47,18047),(18,155,51,18051),(18,155,52,18052),(4,176,55,18055),(5,14,57,18057),(16,120,59,18059),(14,128,61,18061),(7,122,62,18062),(14,128,64,18064),(15,222,65,18065),(3,73,70,18070),(15,195,73,18073),(16,134,74,18074),(3,71,75,18075),(14,128,76,18076),(25,204,77,18077),(18,150,79,18079),(3,75,85,18085),(14,128,88,18088),(3,86,91,18091),(3,89,95,18095),(3,89,97,18097),(3,89,98,18098),(3,71,99,18099),(8,132,122,18122),(4,176,129,18129),(31,141,135,18135),(18,152,136,18136),(18,155,138,18138),(14,128,147,18147),(14,128,148,18148),(37,205,149,18149),(18,155,150,18150),(24,130,151,18151),(15,222,153,18153),(18,152,175,18175),(23,143,230,18230),(18,152,279,18279),(15,222,322,18322),(3,112,333,18333),(25,158,349,18349),(23,143,463,18463),(25,207,477,18477),(31,141,479,18479),(31,141,482,18482),(31,141,6,19006),(25,204,7,19007),(37,205,8,19008),(6,123,10,19010),(3,91,12,19012),(31,141,13,19013),(31,141,14,19014),(5,11,16,19016),(31,141,18,19018),(6,123,19,19019),(31,141,21,19021),(37,205,22,19022),(15,222,24,19024),(18,155,26,19026),(7,122,28,19028),(15,195,29,19029),(8,132,31,19031),(18,155,32,19032),(8,132,33,19033),(14,128,35,19035),(25,158,36,19036),(16,120,37,19037),(18,155,38,19038),(16,120,39,19039),(18,155,40,19040),(16,120,41,19041),(16,120,42,19042),(14,128,43,19043),(15,222,44,19044),(18,155,45,19045),(16,120,46,19046),(15,195,47,19047),(18,155,48,19048),(7,122,49,19049),(15,222,50,19050),(18,150,51,19051),(15,222,54,19054),(18,150,56,19056),(18,150,57,19057),(18,150,58,19058),(14,128,62,19062),(18,155,63,19063),(34,190,65,19065),(15,222,66,19066),(37,205,67,19067),(5,16,72,19072),(18,150,73,19073),(25,204,74,19074),(16,134,75,19075),(18,155,76,19076),(24,130,79,19079),(3,74,81,19081),(3,89,84,19084),(3,89,86,19086),(14,128,94,19094),(3,71,95,19095),(3,89,96,19096),(14,128,99,19099),(34,170,112,19112),(18,155,131,19131),(5,11,133,19133),(18,155,141,19141),(15,222,142,19142),(18,155,171,19171),(3,72,200,19200),(3,75,203,19203),(18,209,205,19205),(18,209,279,19279),(14,128,302,19302),(7,122,311,19311),(7,122,320,19320),(15,222,340,19340),(18,209,380,19380),(18,150,383,19383),(18,150,680,19680),(3,103,978,19978),(3,73,5,20005),(37,205,7,20007),(16,120,9,20009),(31,141,12,20012),(25,204,14,20014),(25,204,15,20015),(6,123,16,20016),(25,204,18,20018),(6,123,20,20020),(25,204,21,20021),(14,128,23,20023),(25,207,25,20025),(15,222,26,20026),(14,128,28,20028),(15,195,32,20032),(32,201,34,20034),(18,209,36,20036),(25,158,37,20037),(16,134,38,20038),(16,120,42,20042),(14,128,43,20043),(15,195,48,20048),(18,155,49,20049),(18,150,53,20053),(18,150,54,20054),(24,130,57,20057),(18,209,58,20058),(24,130,60,20060),(15,222,62,20062),(15,195,63,20063),(15,195,67,20067),(31,141,68,20068),(5,14,70,20070),(16,120,74,20074),(25,204,75,20075),(15,195,76,20076),(15,195,78,20078),(3,102,82,20082),(3,102,83,20083),(3,89,85,20085),(3,74,87,20087),(37,205,89,20089),(3,74,92,20092),(3,81,94,20094),(3,73,95,20095),(3,71,98,20098),(31,141,99,20099),(24,130,103,20103),(18,150,108,20108),(15,222,140,20140),(14,128,143,20143),(15,222,150,20150),(14,128,152,20152),(34,170,181,20181),(7,122,185,20185),(18,150,302,20302),(31,141,333,20333),(4,176,383,20383),(7,122,385,20385),(4,176,479,20479),(3,91,3,21003),(3,71,4,21004),(3,71,5,21005),(37,205,6,21006),(5,11,7,21007),(5,13,8,21008),(14,128,9,21009),(31,141,11,21011),(25,204,12,21012),(5,11,14,21014),(37,205,15,21015),(16,120,16,21016),(5,11,17,21017),(37,205,18,21018),(15,195,19,21019),(37,205,21,21021),(6,123,22,21022),(32,201,25,21025),(25,207,27,21027),(3,81,29,21029),(15,222,30,21030),(18,150,32,21032),(18,155,33,21033),(18,209,37,21037),(18,155,39,21039),(23,143,41,21041),(18,155,42,21042),(16,120,44,21044),(15,222,45,21045),(16,120,47,21047),(25,158,49,21049),(16,120,50,21050),(16,120,51,21051),(18,150,53,21053),(16,120,54,21054),(16,120,55,21055),(18,150,56,21056),(14,128,57,21057),(24,130,58,21058),(18,209,59,21059),(24,130,64,21064),(31,141,69,21069),(18,155,70,21070),(15,195,72,21072),(24,130,73,21073),(18,155,74,21074),(16,120,75,21075),(18,150,76,21076),(15,195,77,21077),(16,134,78,21078),(18,155,79,21079),(14,128,81,21081),(3,101,82,21082),(3,72,85,21085),(3,74,86,21086),(3,71,88,21088),(3,89,92,21092),(14,128,93,21093),(3,89,94,21094),(31,141,97,21097),(31,141,98,21098),(34,170,101,21101),(14,128,108,21108),(6,123,111,21111),(18,152,134,21134),(14,128,148,21148),(4,176,201,21201),(18,152,284,21284),(25,207,336,21336),(15,222,347,21347),(7,122,352,21352),(3,102,2,22002),(3,83,3,22003),(31,141,4,22004),(31,141,5,22005),(15,117,6,22006),(5,11,7,22007),(6,123,8,22008),(18,155,9,22009),(14,128,10,22010),(37,205,12,22012),(7,122,13,22013),(6,123,14,22014),(6,123,17,22017),(5,15,18,22018),(18,150,19,22019),(15,195,20,22020),(16,120,22,22022),(34,190,25,22025),(16,120,26,22026),(18,150,27,22027),(15,222,28,22028),(25,204,29,22029),(18,150,30,22030),(25,207,31,22031),(16,120,33,22033),(18,155,36,22036),(5,11,38,22038),(18,155,39,22039),(16,120,44,22044),(25,158,48,22048),(16,120,49,22049),(24,130,51,22051),(16,120,53,22053),(24,130,54,22054),(18,155,55,22055),(16,120,56,22056),(18,155,57,22057),(14,128,58,22058),(24,130,59,22059),(25,207,62,22062),(15,222,64,22064),(3,91,66,22066),(14,128,70,22070),(24,130,71,22071),(34,190,73,22073),(15,195,74,22074),(14,128,75,22075),(16,120,76,22076),(15,195,77,22077),(14,128,80,22080),(3,72,83,22083),(3,74,85,22085),(3,74,86,22086),(14,128,87,22087),(14,128,88,22088),(5,16,89,22089),(16,120,90,22090),(31,141,92,22092),(31,141,95,22095),(37,205,97,22097),(16,120,99,22099),(18,155,130,22130),(5,15,141,22141),(14,128,147,22147),(25,207,304,22304),(15,222,400,22400),(18,150,479,22479),(25,204,1,23001),(3,101,2,23002),(31,141,3,23003),(25,204,5,23005),(5,13,6,23006),(6,123,7,23007),(14,128,8,23008),(18,155,10,23010),(25,204,11,23011),(15,117,12,23012),(16,120,13,23013),(6,123,15,23015),(16,120,17,23017),(5,13,18,23018),(6,123,21,23021),(14,128,22,23022),(35,159,23,23023),(32,201,24,23024),(3,85,25,23025),(32,201,32,23032),(3,91,34,23034),(25,158,35,23035),(14,128,36,23036),(14,128,37,23037),(18,150,40,23040),(3,91,41,23041),(25,207,44,23044),(16,120,45,23045),(15,222,47,23047),(14,128,49,23049),(14,128,50,23050),(16,120,52,23052),(16,120,53,23053),(18,209,56,23056),(15,222,60,23060),(24,130,61,23061),(24,130,62,23062),(31,141,65,23065),(31,141,66,23066),(7,122,69,23069),(15,195,70,23070),(18,150,72,23072),(18,150,74,23074),(18,209,76,23076),(18,150,77,23077),(3,101,81,23081),(3,74,82,23082),(31,141,84,23084),(3,74,85,23085),(3,89,87,23087),(15,195,88,23088),(14,128,89,23089),(18,155,90,23090),(3,74,91,23091),(37,205,92,23092),(3,89,93,23093),(3,73,94,23094),(16,120,95,23095),(3,71,96,23096),(15,195,98,23098),(15,195,99,23099),(18,155,140,23140),(15,222,151,23151),(7,122,292,23292),(18,155,633,23633),(3,81,2,24002),(18,209,4,24004),(5,15,6,24006),(14,128,7,24007),(37,205,11,24011),(6,123,12,24012),(14,128,14,24014),(15,195,16,24016),(15,195,17,24017),(6,123,18,24018),(16,120,19,24019),(15,222,20,24020),(16,120,21,24021),(25,207,23,24023),(24,130,24,24024),(4,176,25,24025),(16,120,28,24028),(14,128,29,24029),(18,155,35,24035),(16,120,36,24036),(25,158,40,24040),(6,123,42,24042),(18,155,43,24043),(18,155,44,24044),(16,120,50,24050),(14,128,51,24051),(15,222,55,24055),(31,141,57,24057),(18,155,59,24059),(14,128,60,24060),(18,155,62,24062),(24,130,63,24063),(6,123,65,24065),(16,120,67,24067),(15,222,70,24070),(16,120,74,24074),(15,195,75,24075),(24,130,76,24076),(3,102,80,24080),(3,74,82,24082),(3,74,83,24083),(14,128,84,24084),(3,81,85,24085),(16,120,86,24086),(15,195,89,24089),(14,128,90,24090),(31,141,91,24091),(5,17,92,24092),(3,81,93,24093),(15,195,95,24095),(31,141,96,24096),(16,120,97,24097),(15,195,99,24099),(34,170,100,24100),(14,128,112,24112),(4,176,170,24170),(34,190,296,24296),(15,117,2,25002),(25,204,4,25004),(5,11,5,25005),(6,123,6,25006),(14,128,7,25007),(7,122,12,25012),(14,128,13,25013),(14,128,14,25014),(14,128,15,25015),(15,195,18,25018),(18,155,21,25021),(32,201,23,25023),(15,222,25,25025),(3,85,26,25026),(16,120,27,25027),(3,74,28,25028),(16,120,29,25029),(18,150,30,25030),(14,128,31,25031),(18,150,33,25033),(31,141,34,25034),(25,207,37,25037),(25,207,38,25038),(23,143,40,25040),(3,81,41,25041),(34,190,50,25050),(3,81,51,25051),(24,130,52,25052),(24,130,53,25053),(31,141,54,25054),(18,150,55,25055),(18,155,60,25060),(18,155,61,25061),(24,130,69,25069),(18,150,70,25070),(18,150,75,25075),(24,130,77,25077),(3,86,78,25078),(3,101,80,25080),(25,204,85,25085),(14,128,86,25086),(15,195,89,25089),(15,195,90,25090),(37,205,91,25091),(14,128,92,25092),(31,141,93,25093),(15,195,94,25094),(16,120,95,25095),(37,205,96,25096),(16,120,98,25098),(18,150,170,25170),(14,128,284,25284),(14,128,1,26001),(3,83,2,26002),(37,205,3,26003),(37,205,4,26004),(5,13,5,26005),(14,128,6,26006),(14,128,8,26008),(15,195,10,26010),(6,123,11,26011),(14,128,12,26012),(18,150,18,26018),(18,150,20,26020),(25,207,22,26022),(18,155,29,26029),(16,120,30,26030),(18,150,32,26032),(6,123,34,26034),(25,204,35,26035),(15,222,36,26036),(31,141,41,26041),(15,195,42,26042),(6,123,46,26046),(14,128,52,26052),(14,128,53,26053),(34,190,54,26054),(18,150,55,26055),(14,128,56,26056),(15,195,61,26061),(31,141,62,26062),(14,128,63,26063),(25,207,64,26064),(24,130,68,26068),(16,120,70,26070),(31,141,71,26071),(24,130,72,26072),(24,130,74,26074),(16,120,75,26075),(34,190,77,26077),(34,190,78,26078),(37,205,83,26083),(14,128,84,26084),(16,120,85,26085),(25,207,88,26088),(15,195,90,26090),(15,195,92,26092),(25,207,99,26099),(37,205,148,26148),(15,117,1,27001),(5,11,4,27004),(6,123,5,27005),(15,195,7,27007),(16,120,9,27009),(15,222,10,27010),(15,195,13,27013),(35,159,15,27015),(25,204,17,27017),(35,159,18,27018),(16,120,20,27020),(15,195,21,27021),(32,201,22,27022),(15,195,23,27023),(3,85,24,27024),(31,141,25,27025),(18,150,26,27026),(31,141,27,27027),(18,155,28,27028),(3,91,29,27029),(31,141,31,27031),(6,123,36,27036),(15,195,37,27037),(24,130,45,27045),(18,155,50,27050),(31,141,52,27052),(18,155,54,27054),(16,120,55,27055),(38,135,61,27061),(15,195,65,27065),(37,205,69,27069),(34,190,70,27070),(6,123,71,27071),(3,71,80,27080),(14,128,86,27086),(3,71,87,27087),(18,150,88,27088),(14,128,91,27091),(24,130,95,27095),(16,120,96,27096),(15,195,97,27097),(14,128,111,27111),(15,117,222,27222),(3,102,1,28001),(31,141,2,28002),(5,13,3,28003),(15,195,8,28008),(18,150,10,28010),(16,120,11,28011),(15,195,13,28013),(35,159,14,28014),(16,120,17,28017),(3,85,23,28023),(4,176,28,28028),(18,155,30,28030),(37,205,31,28031),(4,176,49,28049),(31,141,51,28051),(31,141,53,28053),(14,128,54,28054),(18,209,55,28055),(4,176,58,28058),(31,141,64,28064),(6,123,68,28068),(6,123,69,28069),(3,91,70,28070),(18,155,71,28071),(34,190,75,28075),(31,141,76,28076),(7,122,79,28079),(3,75,80,28080),(37,205,82,28082),(7,122,83,28083),(18,155,84,28084),(15,195,86,28086),(37,205,87,28087),(4,176,88,28088),(25,207,89,28089),(16,120,93,28093),(15,195,97,28097),(3,86,98,28098),(24,130,111,28111),(18,155,112,28112),(3,101,1,29001),(6,123,4,29004),(14,128,5,29005),(15,195,6,29006),(15,195,8,29008),(35,159,10,29010),(14,128,11,29011),(18,155,12,29012),(18,150,13,29013),(25,207,17,29017),(16,120,20,29020),(18,155,23,29023),(18,155,24,29024),(15,195,25,29025),(25,204,27,29027),(14,128,30,29030),(24,130,41,29041),(6,123,43,29043),(6,123,49,29049),(25,158,50,29050),(25,158,51,29051),(24,130,55,29055),(6,123,57,29057),(4,176,59,29059),(37,205,68,29068),(7,122,71,29071),(14,128,74,29074),(6,123,76,29076),(7,122,78,29078),(7,122,81,29081),(5,17,82,29082),(16,120,83,29083),(15,195,84,29084),(16,120,87,29087),(6,123,88,29088),(34,190,89,29089),(15,195,91,29091),(24,130,92,29092),(24,130,94,29094),(14,128,96,29096),(16,120,97,29097),(3,81,1,30001),(6,123,3,30003),(16,120,7,30007),(32,201,9,30009),(18,150,10,30010),(16,120,16,30016),(32,201,17,30017),(18,155,19,30019),(14,128,20,30020),(3,85,22,30022),(18,155,23,30023),(3,75,24,30024),(31,141,26,30026),(3,81,27,30027),(18,150,28,30028),(3,91,30,30030),(3,101,31,30031),(6,123,44,30044),(6,123,50,30050),(4,176,52,30052),(14,128,55,30055),(18,150,59,30059),(16,134,62,30062),(37,205,66,30066),(31,141,70,30070),(15,195,71,30071),(16,120,73,30073),(18,155,75,30075),(14,128,77,30077),(14,128,83,30083),(15,195,84,30084),(14,128,87,30087),(24,130,88,30088),(6,123,92,30092),(25,207,97,30097),(7,122,4,31004),(35,159,8,31008),(15,195,12,31012),(25,207,16,31016),(32,201,18,31018),(25,207,21,31021),(18,150,22,31022),(4,176,26,31026),(16,120,27,31027),(24,130,37,31037),(31,141,40,31040),(25,158,43,31043),(3,91,44,31044),(25,158,45,31045),(18,155,46,31046),(6,123,52,31052),(34,190,55,31055),(4,176,57,31057),(31,141,58,31058),(15,222,61,31061),(31,141,73,31073),(15,222,74,31074),(16,134,77,31077),(25,204,78,31078),(16,120,82,31082),(14,128,85,31085),(24,130,86,31086),(14,128,87,31087),(4,176,89,31089),(18,150,90,31090),(18,150,92,31092),(4,176,94,31094),(7,122,95,31095),(15,195,96,31096),(18,155,111,31111),(3,74,1,32001),(7,122,3,32003),(18,150,6,32006),(18,150,12,32012),(16,120,13,32013),(16,120,14,32014),(32,201,16,32016),(3,83,22,32022),(25,204,24,32024),(18,155,25,32025),(15,195,26,32026),(18,155,27,32027),(6,123,32,32032),(6,123,40,32040),(4,176,43,32043),(25,207,47,32047),(4,176,50,32050),(18,150,51,32051),(4,176,56,32056),(16,120,57,32057),(18,150,58,32058),(3,72,64,32064),(37,205,65,32065),(6,123,73,32073),(6,123,74,32074),(18,209,75,32075),(7,122,76,32076),(25,204,80,32080),(14,128,81,32081),(15,195,85,32085),(34,190,86,32086),(4,176,90,32090),(25,207,91,32091),(4,176,92,32092),(18,150,95,32095),(15,195,96,32096),(7,122,98,32098),(3,74,1,33001),(25,204,2,33002),(16,120,3,33003),(14,128,4,33004),(15,195,5,33005),(16,120,6,33006),(18,150,10,33010),(18,155,11,33011),(35,159,12,33012),(32,201,13,33013),(32,201,14,33014),(24,130,16,33016),(18,155,22,33022),(14,128,23,33023),(15,195,30,33030),(15,195,31,33031),(6,123,39,33039),(23,143,42,33042),(24,130,44,33044),(6,123,53,33053),(14,128,54,33054),(6,123,59,33059),(6,123,61,33061),(5,11,62,33062),(6,123,70,33070),(7,122,72,33072),(18,209,77,33077),(16,120,80,33080),(14,128,82,33082),(15,195,83,33083),(15,195,85,33085),(15,195,87,33087),(15,195,88,33088),(14,128,92,33092),(3,91,1,34001),(25,207,7,34007),(16,120,8,34008),(16,120,10,34010),(24,130,13,34013),(24,130,14,34014),(18,209,15,34015),(34,190,18,34018),(31,141,20,34020),(3,83,24,34024),(16,120,25,34025),(25,204,26,34026),(37,205,30,34030),(24,130,43,34043),(5,15,46,34046),(18,150,53,34053),(4,176,56,34056),(15,195,57,34057),(25,207,63,34063),(37,205,70,34070),(6,123,75,34075),(15,195,81,34081),(15,195,83,34083),(25,207,84,34084),(18,150,86,34086),(15,195,87,34087),(3,91,88,34088),(18,150,91,34091),(7,122,97,34097),(5,13,2,35002),(14,128,3,35003),(14,128,4,35004),(32,201,7,35007),(25,207,10,35010),(15,195,11,35011),(16,120,12,35012),(3,86,18,35018),(15,222,21,35021),(18,155,22,35022),(25,158,28,35028),(3,81,30,35030),(37,205,32,35032),(3,86,33,35033),(14,128,51,35051),(14,128,54,35054),(31,141,55,35055),(15,222,56,35056),(16,120,58,35058),(31,141,63,35063),(14,128,64,35064),(37,205,71,35071),(7,122,74,35074),(15,195,75,35075),(15,195,78,35078),(3,91,79,35079),(15,195,81,35081),(14,128,82,35082),(24,130,84,35084),(3,86,90,35090),(4,176,91,35091),(3,81,92,35092),(16,134,97,35097),(31,141,1,36001),(6,123,2,36002),(18,150,6,36006),(34,190,7,36007),(24,130,10,36010),(18,150,11,36011),(18,155,14,36014),(3,85,21,36021),(15,117,35,36035),(25,158,44,36044),(16,120,48,36048),(18,150,56,36056),(15,117,77,36077),(18,209,79,36079),(18,150,81,36081),(16,120,83,36083),(18,150,85,36085),(38,135,86,36086),(34,190,95,36095),(14,128,4,37004),(18,150,5,37005),(18,209,8,37008),(16,120,9,37009),(3,101,10,37010),(35,159,11,37011),(18,150,13,37013),(18,155,14,37014),(18,155,16,37016),(3,85,18,37018),(25,204,20,37020),(6,123,23,37023),(18,150,29,37029),(3,81,44,37044),(18,150,50,37050),(37,205,52,37052),(6,123,56,37056),(37,205,62,37062),(25,207,71,37071),(15,195,76,37076),(16,120,77,37077),(15,195,80,37080),(15,195,82,37082),(25,207,83,37083),(18,150,84,37084),(18,209,85,37085),(18,155,86,37086),(6,123,91,37091),(7,122,2,38002),(16,120,6,38006),(32,201,8,38008),(18,155,9,38009),(14,128,10,38010),(16,120,11,38011),(35,159,21,38021),(14,128,22,38022),(5,11,32,38032),(6,123,47,38047),(15,195,51,38051),(3,74,52,38052),(37,205,53,38053),(37,205,61,38061),(6,123,63,38063),(7,122,75,38075),(3,91,76,38076),(18,152,81,38081),(24,130,83,38083),(4,176,84,38084),(24,130,85,38085),(25,207,87,38087),(3,81,91,38091),(18,150,93,38093),(7,122,94,38094),(18,155,98,38098),(31,141,1,39001),(16,120,2,39002),(14,128,3,39003),(16,120,5,39005),(32,201,6,39006),(34,190,8,39008),(32,201,12,39012),(5,13,17,39017),(14,128,18,39018),(15,195,24,39024),(3,101,32,39032),(3,101,50,39050),(3,74,53,39053),(4,176,54,39054),(18,155,56,39056),(37,205,60,39060),(7,122,63,39063),(37,205,64,39064),(15,222,80,39080),(32,201,81,39081),(15,195,82,39082),(34,190,83,39083),(24,130,87,39087),(16,134,92,39092),(15,195,4,40004),(24,130,11,40011),(24,130,12,40012),(31,141,14,40014),(3,85,15,40015),(3,71,16,40016),(16,120,19,40019),(34,190,20,40020),(18,155,21,40021),(10,142,22,40022),(5,13,28,40028),(5,11,44,40044),(37,205,51,40051),(3,85,52,40052),(7,122,73,40073),(3,81,74,40074),(24,130,81,40081),(18,150,85,40085),(18,150,87,40087),(15,195,91,40091),(7,122,93,40093),(15,195,96,40096),(24,130,97,40097),(14,128,2,41002),(25,158,5,41005),(18,150,7,41007),(18,150,8,41008),(3,101,11,41011),(14,128,15,41015),(3,74,19,41019),(35,159,28,41028),(18,150,54,41054),(25,204,73,41073),(18,150,80,41080),(34,190,81,41081),(18,150,82,41082),(18,150,83,41083),(24,130,89,41089),(7,122,96,41096),(37,205,1,42001),(14,128,2,42002),(15,195,3,42003),(15,195,4,42004),(18,155,8,42008),(14,128,12,42012),(25,204,16,42016),(14,128,20,42020),(18,150,21,42021),(16,120,23,42023),(32,201,29,42029),(37,205,50,42050),(3,74,51,42051),(5,13,53,42053),(6,123,54,42054),(3,86,55,42055),(3,72,74,42074),(7,122,77,42077),(18,152,80,42080),(18,152,82,42082),(3,81,84,42084),(4,176,87,42087),(7,122,91,42091),(15,195,99,42099),(15,195,3,43003),(18,152,5,43005),(18,150,11,43011),(15,222,12,43012),(18,155,15,43015),(35,159,16,43016),(14,128,18,43018),(34,190,19,43019),(18,155,20,43020),(3,83,23,43023),(25,158,30,43030),(4,176,47,43047),(3,74,55,43055),(25,207,72,43072),(32,201,80,43080),(18,150,81,43081),(24,130,82,43082),(18,155,83,43083),(16,120,85,43085),(3,81,86,43086),(18,150,4,44004),(25,207,5,44005),(18,152,6,44006),(31,141,7,44007),(31,141,10,44010),(15,222,11,44011),(18,155,12,44012),(14,128,17,44017),(31,141,18,44018),(18,150,23,44023),(3,86,24,44024),(6,123,55,44055),(25,207,74,44074),(34,190,80,44080),(38,135,81,44081),(18,150,82,44082),(15,195,84,44084),(3,81,87,44087),(34,190,93,44093),(15,195,2,45002),(16,120,4,45004),(32,201,5,45005),(25,158,6,45006),(18,155,11,45011),(31,141,12,45012),(18,150,15,45015),(14,128,16,45016),(18,155,18,45018),(10,142,23,45023),(4,176,24,45024),(16,120,25,45025),(32,201,27,45027),(15,195,33,45033),(4,176,82,45082),(6,123,87,45087),(14,128,89,45089),(7,122,92,45092),(6,123,1,46001),(15,195,2,46002),(18,150,3,46003),(3,91,6,46006),(31,141,7,46007),(25,207,9,46009),(18,155,14,46014),(31,141,17,46017),(14,128,19,46019),(15,117,22,46022),(25,204,25,46025),(18,150,50,46050),(18,150,55,46055),(14,128,73,46073),(18,150,80,46080),(4,176,81,46081),(18,155,85,46085),(15,195,2,47002),(25,158,4,47004),(18,209,6,47006),(18,155,7,47007),(25,158,8,47008),(31,141,9,47009),(31,141,12,47012),(7,122,14,47014),(14,128,16,47016),(25,207,20,47020),(15,195,54,47054),(37,205,63,47063),(16,120,84,47084),(38,135,85,47085),(7,122,86,47086),(16,134,91,47091),(15,222,2,48002),(25,158,7,48007),(18,209,9,48009),(15,195,19,48019),(35,159,22,48022),(3,101,30,48030),(3,91,63,48063),(16,134,83,48083),(25,204,84,48084),(7,122,85,48085),(25,204,86,48086),(34,170,87,48087),(7,122,1,49001),(18,150,2,49002),(25,158,3,49003),(25,207,4,49004),(3,91,5,49005),(18,155,7,49007),(31,141,10,49010),(14,128,13,49013),(3,85,14,49014),(3,83,21,49021),(4,176,22,49022),(31,141,23,49023),(3,74,54,49054),(16,120,1,50001),(16,120,6,50006),(35,159,7,50007),(15,195,9,50009),(18,155,11,50011),(25,207,12,50012),(25,207,14,50014),(3,86,20,50020),(3,91,87,50087),(18,150,2,51002),(18,150,3,51003),(18,152,4,51004),(18,152,7,51007),(25,204,19,51019),(16,120,21,51021),(25,207,30,51030),(18,152,33,51033),(3,81,54,51054),(14,128,55,51055),(7,122,84,51084),(3,85,94,51094),(16,120,3,52003),(32,201,4,52004),(16,215,5,52005),(31,141,8,52008),(15,195,14,52014),(16,120,18,52018),(16,120,19,52019),(3,81,82,52082),(14,128,1,53001),(18,155,8,53008),(18,150,9,53009),(3,74,12,53012),(3,74,14,53014),(18,155,17,53017),(18,155,55,53055),(5,16,73,53073),(18,155,80,53080),(5,11,99,53099),(18,152,3,54003),(23,143,4,54004),(14,128,5,54005),(25,204,6,54006),(3,74,9,54009),(3,74,10,54010),(31,141,12,54012),(31,141,13,54013),(3,86,16,54016),(25,207,73,54073),(16,120,81,54081),(16,120,82,54082),(3,91,84,54084),(32,201,3,55003),(18,209,7,55007),(5,11,8,55008),(5,13,9,55009),(31,141,13,55013),(18,155,17,55017),(16,120,80,55080),(15,195,1,56001),(25,158,2,56002),(23,143,3,56003),(23,143,4,56004),(18,155,6,56006),(3,75,9,56009),(14,128,15,56015),(35,159,17,56017),(25,207,55,56055),(6,123,81,56081),(34,190,82,56082),(3,102,92,56092),(15,195,1,57001),(16,120,2,57002),(34,190,3,57003),(18,155,5,57005),(7,122,6,57006),(3,102,7,57007),(25,207,13,57013),(31,141,14,57014),(32,201,33,57033),(18,209,2,58002),(18,155,4,58004),(23,143,6,58006),(31,141,11,58011),(16,120,81,58081),(16,134,82,58082),(25,207,2,59002),(14,128,4,59004),(3,86,13,59013),(3,91,15,59015),(15,117,21,59021),(7,122,80,59080),(15,195,1,60001),(18,152,2,60002),(7,122,7,60007),(3,73,21,60021),(7,122,82,60082),(15,222,1,61001),(32,201,2,61002),(31,141,6,61006),(31,141,11,61011),(18,155,13,61013),(31,141,15,61015),(24,130,80,61080),(32,201,82,61082),(23,143,2,62002),(5,11,3,62003),(16,215,4,62004),(31,141,11,62011),(15,117,4,63004),(18,155,5,63005),(35,159,6,63006),(5,11,80,63080),(15,195,9,64009),(3,91,80,64080),(16,120,1,65001),(14,128,5,65005),(3,73,8,65008),(25,204,13,65013),(18,150,2,66002),(25,207,11,66011),(25,158,1,67001),(16,215,2,67002),(16,215,3,67003),(31,141,6,67006),(3,74,8,67008),(32,201,11,67011),(18,155,3,68003),(18,150,4,68004),(18,150,5,68005),(18,150,1,69001),(18,155,2,69002),(18,209,5,69005),(7,122,8,69008),(18,155,12,69012),(15,195,15,69015),(5,11,81,69081),(18,209,1,70001),(3,91,4,70004),(31,141,5,70005),(35,159,13,70013),(3,74,3,71003),(18,209,11,71011),(3,87,12,71012),(18,152,1,72001),(31,141,4,72004),(31,141,5,72005),(31,141,8,72008),(15,222,15,72015),(3,73,3,73003),(3,89,5,73005),(15,117,8,73008),(24,130,15,73015),(23,143,1,74001),(18,155,3,74003),(31,141,4,74004),(7,122,5,74005),(18,152,8,74008),(16,120,15,74015),(31,141,2,75002),(3,73,15,76015),(23,143,1,77001),(31,141,2,77002),(14,128,3,77003),(3,74,4,77004),(15,195,5,77005),(15,117,15,77015),(31,141,2,78002),(15,222,3,78003),(23,143,5,78005),(3,87,11,78011),(16,120,15,78015),(31,141,2,79002),(3,81,1,80001),(31,141,2,80002),(16,120,5,80005),(5,17,1,81001),(3,74,2,81002),(31,141,3,81003),(16,120,4,81004),(35,159,5,81005),(18,150,1,82001),(15,117,3,82003),(35,159,4,82004),(5,11,11,82011),(16,215,1,83001),(31,141,3,83003),(15,222,5,83005),(18,209,15,83015),(16,120,1,84001),(16,120,2,84002),(31,141,3,84003),(31,141,4,84004),(18,150,15,84015),(18,150,2,85002),(31,141,3,85003),(18,155,1,86001),(34,190,1,87001),(14,128,1,88001),(18,155,2,88002),(3,102,3,88003),(3,102,4,88004),(14,128,1,89001),(14,128,2,89002),(25,204,3,89003),(31,141,11,89011),(18,150,1,90001),(16,120,11,90011),(18,155,1,91001),(14,128,3,91003),(14,128,4,91004),(16,134,2,92002),(18,155,4,92004),(3,102,5,92005),(31,141,1,94001),(5,13,4,94004),(31,141,1,95001),(31,141,1,96001),(31,141,5,96005),(31,141,1,97001),(25,207,3,97003),(31,141,5,98005),(5,11,2,99002),(16,120,5,99005);
/*!40000 ALTER TABLE `officelineid` ENABLE KEYS */;
UNLOCK TABLES;

--
-- Table structure for table `operator_unique`
--

DROP TABLE IF EXISTS `operator_unique`;
/*!40101 SET @saved_cs_client     = @@character_set_client */;
/*!50503 SET character_set_client = utf8mb4 */;
CREATE TABLE `operator_unique` (
  `OperatorId` int NOT NULL,
  `operator_nm` varchar(45) DEFAULT NULL,
  PRIMARY KEY (`OperatorId`)
) ENGINE=InnoDB DEFAULT CHARSET=utf8mb4 COLLATE=utf8mb4_0900_ai_ci;
/*!40101 SET character_set_client = @saved_cs_client */;

--
-- Dumping data for table `operator_unique`
--

LOCK TABLES `operator_unique` WRITE;
/*!40000 ALTER TABLE `operator_unique` DISABLE KEYS */;
INSERT INTO `operator_unique` VALUES (3,'אגד'),(4,'אגד תעבורה'),(5,'דן'),(6,'ש.א.מ'),(7,'נסיעות ותיירות'),(8,'גי.בי.טורס'),(10,'מועצה אזורית אילות'),(14,'נתיב אקספרס'),(15,'מטרופולין'),(16,'סופרבוס'),(18,'קווים'),(23,'גלים'),(24,'מועצה אזורית גולן'),(25,'אלקטרה אפיקים'),(31,'דן בדרום'),(32,'דן באר שבע'),(34,'תנופה'),(35,'בית שמש אקספרס'),(37,'אקסטרה'),(38,'אקסטרה ירושלים');
/*!40000 ALTER TABLE `operator_unique` ENABLE KEYS */;
UNLOCK TABLES;

--
-- Table structure for table `trip`
--

DROP TABLE IF EXISTS `trip`;
/*!40101 SET @saved_cs_client     = @@character_set_client */;
/*!50503 SET character_set_client = utf8mb4 */;
CREATE TABLE `trip` (
  `OfficeLineId` int NOT NULL,
  `trip_year` int NOT NULL,
  `trip_month` int NOT NULL,
  `rishui` int DEFAULT NULL,
  `eibizua` int DEFAULT NULL,
  `hakdama` text,
  `eihurim` int DEFAULT NULL,
  `takin` int DEFAULT NULL,
  `loberishui` int DEFAULT NULL,
  PRIMARY KEY (`OfficeLineId`,`trip_year`,`trip_month`),
  CONSTRAINT `fk_trip_officelineid` FOREIGN KEY (`OfficeLineId`) REFERENCES `officelineid` (`OfficeLineId`)
) ENGINE=InnoDB DEFAULT CHARSET=utf8mb4 COLLATE=utf8mb4_0900_ai_ci;
/*!40101 SET character_set_client = @saved_cs_client */;

--
-- Dumping data for table `trip`
--

LOCK TABLES `trip` WRITE;
/*!40000 ALTER TABLE `trip` DISABLE KEYS */;
INSERT INTO `trip` VALUES (10007,2022,2,492,1,'',9,482,3),(10007,2022,3,531,1,'',7,523,1),(10007,2022,9,459,3,'',2,454,1),(10007,2022,11,521,1,'',15,505,1),(10007,2022,12,527,8,'',15,504,2),(10010,2022,7,717,3,'',9,705,1),(10010,2022,8,794,22,'',16,756,18),(10010,2022,9,648,5,'',20,623,2),(10010,2022,11,742,7,'2',11,722,2),(10012,2022,1,3380,3,'',14,3363,4),(10012,2022,2,3077,3,'1',6,3067,2),(10012,2022,4,3057,7,'',10,3040,12),(10012,2022,5,3301,5,'',12,3284,3),(10012,2022,6,3180,12,'1',8,3159,3),(10012,2022,7,3199,16,'1',5,3177,1),(10012,2022,8,3426,24,'2',12,3388,2),(10012,2022,9,2988,8,'',28,2952,2),(10012,2022,10,2771,17,'3',27,2724,14),(10012,2022,12,3249,35,'5',24,3185,8),(10013,2022,1,3384,6,'1',22,3355,2),(10013,2022,2,3086,11,'',18,3057,1),(10013,2022,3,3361,6,'',18,3337,15),(10013,2022,4,3061,17,'',21,3023,23),(10013,2022,5,3169,17,'2',31,3119,27),(10013,2022,6,3187,32,'',22,3133,4),(10013,2022,7,3165,97,'5',23,3040,8),(10013,2022,8,3382,69,'4',40,3269,3),(10013,2022,10,2520,23,'2',56,2439,12),(10013,2022,12,3240,73,'4',85,3078,3),(10016,2022,4,2026,12,'',11,2003,6),(10016,2022,6,2154,14,'',11,2129,2),(10016,2022,7,2043,21,'',12,2010,6),(10016,2022,8,2302,19,'',29,2254,7),(10016,2022,9,1886,9,'',24,1853,2),(10017,2022,4,2600,8,'',7,2585,6),(10017,2022,7,2664,11,'',21,2632,3),(10017,2022,8,2931,26,'',33,2872,2),(10017,2022,10,2332,18,'1',40,2273,1),(10018,2022,1,3755,5,'1',15,3734,88),(10018,2022,2,3436,14,'',21,3401,82),(10018,2022,3,3700,12,'',33,3655,80),(10018,2022,4,3425,24,'',30,3371,43),(10018,2022,5,3500,20,'2',31,3447,14),(10018,2022,6,3478,60,'3',26,3389,4),(10018,2022,7,3314,101,'3',43,3167,27),(10018,2022,8,3624,107,'4',47,3466,52),(10018,2022,9,3086,45,'4',65,2972,40),(10018,2022,10,3242,66,'2',63,3111,48),(10018,2022,11,3152,75,'8',69,3000,39),(10018,2022,12,3672,135,'4',60,3473,40),(10019,2022,3,3532,15,'2',27,3488,11),(10019,2022,4,3173,27,'1',16,3129,6),(10019,2022,5,3401,27,'2',20,3352,2),(10019,2022,7,3164,15,'2',25,3122,5),(10019,2022,8,3497,41,'4',18,3434,1),(10019,2022,9,2924,33,'4',24,2863,1),(10019,2022,10,2857,17,'6',21,2813,4),(10019,2022,11,2971,23,'10',25,2913,3),(10019,2022,12,3431,55,'8',36,3332,1),(10020,2022,9,1283,33,'2',36,1212,1),(10024,2022,4,2243,5,'',13,2225,6),(10024,2022,7,2360,7,'2',6,2345,1),(10025,2022,8,3314,23,'1',22,3268,2),(10029,2022,3,1038,5,'',5,1033,1),(10029,2022,4,942,5,'',2,935,4),(10029,2022,6,973,21,'',7,945,2),(10029,2022,7,934,16,'',7,911,4),(10029,2022,8,1058,24,'',4,1030,3),(10029,2022,10,840,20,'2',32,786,3),(10030,2022,3,1366,2,'',8,1356,8),(10030,2022,7,2090,9,'1',13,2067,2),(10031,2022,7,971,15,'',17,939,1),(10031,2022,8,1044,21,'',18,1005,2),(10033,2022,8,1319,12,'',5,1302,1),(10034,2022,8,1271,5,'',7,1259,1),(10036,2022,7,791,10,'1',16,764,1),(10036,2022,8,843,6,'',16,821,2),(10037,2022,7,3493,80,'1',76,3336,13),(10037,2022,8,3803,92,'',60,3651,6),(10037,2022,11,3180,81,'3',105,2991,1),(10037,2022,12,3846,90,'8',108,3640,6),(10038,2022,8,1274,1,'',15,1258,5),(10038,2022,9,1027,3,'',10,1014,1),(10038,2022,12,1195,8,'',26,1161,3),(10040,2022,3,2550,2,'2',10,2538,1),(10040,2022,9,2205,21,'',22,2162,1),(10040,2022,11,2319,35,'4',30,2250,1),(10043,2022,2,900,1,'',7,892,127),(10043,2022,4,890,7,'',2,881,72),(10043,2022,5,976,3,'',14,959,62),(10043,2022,6,959,12,'',11,936,100),(10043,2022,7,972,16,'',18,938,155),(10043,2022,8,1039,11,'1',16,1011,143),(10043,2022,9,878,4,'',21,853,169),(10043,2022,10,833,6,'',33,794,149),(10043,2022,11,921,11,'1',37,872,204),(10043,2022,12,986,21,'1',32,932,174),(10045,2022,1,1389,1,'',2,1386,24),(10045,2022,3,1389,3,'1',4,1381,36),(10045,2022,4,1276,1,'2',5,1268,27),(10045,2022,5,1389,1,'',17,1371,39),(10045,2022,6,1333,2,'',14,1317,169),(10045,2022,7,1311,2,'',9,1300,324),(10045,2022,8,1385,5,'',12,1368,355),(10045,2022,9,1237,5,'1',21,1210,335),(10045,2022,10,1214,2,'1',11,1200,264),(10045,2022,11,1362,15,'3',25,1319,399),(10045,2022,12,1369,10,'1',22,1336,416),(10047,2022,4,1286,2,'1',4,1279,15),(10047,2022,5,1365,2,'',7,1356,5),(10047,2022,12,1389,16,'1',31,1341,8),(10049,2022,7,1846,3,'',7,1836,25),(10049,2022,8,2045,3,'',8,2034,14),(10049,2022,11,1851,16,'1',40,1794,1),(10049,2022,12,1922,13,'2',45,1862,4),(10070,2022,5,929,1,'',9,919,1),(10070,2022,7,858,4,'',9,845,9),(10070,2022,8,956,5,'1',8,942,8),(10070,2022,9,828,2,'',3,823,1),(10070,2022,11,935,2,'',10,923,3),(10071,2022,1,1459,1,'',5,1453,44),(10071,2022,2,1340,2,'',7,1331,40),(10071,2022,3,1452,1,'',11,1440,47),(10071,2022,4,1309,3,'',7,1299,29),(10071,2022,5,1425,2,'3',11,1409,21),(10071,2022,6,1388,5,'',8,1375,41),(10071,2022,7,1431,3,'',8,1420,39),(10071,2022,9,1263,5,'',13,1245,41),(10071,2022,10,1177,5,'',17,1155,28),(10071,2022,11,1434,3,'2',20,1409,46),(10071,2022,12,1431,4,'1',20,1406,58),(10072,2022,1,1506,3,'',7,1496,15),(10072,2022,4,1343,7,'',14,1322,72),(10072,2022,5,1871,8,'1',30,1832,11),(10072,2022,6,1873,2,'1',25,1845,44),(10072,2022,7,1767,7,'3',20,1737,19),(10072,2022,8,2074,15,'1',35,2023,67),(10072,2022,9,1631,3,'3',38,1590,18),(10072,2022,10,1596,11,'2',35,1548,43),(10072,2022,11,1878,4,'2',26,1846,33),(10072,2022,12,1902,9,'6',35,1852,35),(10077,2022,5,1335,1,'',9,1325,3),(10077,2022,6,1296,1,'1',4,1291,17),(10077,2022,7,1296,5,'',7,1284,11),(10077,2022,8,1388,4,'1',5,1378,17),(10077,2022,9,1114,2,'',10,1102,13),(10077,2022,10,1087,3,'',27,1057,7),(10077,2022,11,1259,6,'1',25,1227,14),(10077,2022,12,1322,2,'',13,1307,10),(10078,2022,5,1492,3,'1',8,1480,6),(10078,2022,6,1476,2,'',7,1467,34),(10078,2022,7,1451,3,'',7,1441,47),(10078,2022,9,1318,6,'2',6,1310,30),(10078,2022,10,1259,8,'',14,1237,26),(10078,2022,11,1480,7,'3',19,1451,42),(10078,2022,12,1531,6,'1',18,1506,36),(10079,2022,8,422,2,'',7,413,23),(10079,2022,9,394,5,'',2,387,19),(10079,2022,10,448,3,'',2,443,5),(10079,2022,11,398,4,'',9,385,12),(10085,2022,6,124,1,'',1,123,1),(10085,2022,9,162,2,'',2,160,2),(10115,2022,1,4961,17,'',4,4940,21),(10115,2022,2,4536,8,'1',6,4521,24),(10115,2022,3,4924,9,'',8,4907,15),(10115,2022,4,4485,7,'',9,4469,19),(10115,2022,5,4706,22,'1',9,4674,15),(10115,2022,6,4566,38,'1',6,4521,32),(10115,2022,7,4411,41,'2',12,4356,50),(10115,2022,8,4914,46,'',7,4861,71),(10115,2022,9,4002,46,'1',18,3937,41),(10115,2022,10,4052,64,'4',32,3952,29),(10115,2022,11,3972,63,'10',34,3865,24),(10115,2022,12,4754,108,'6',34,4606,29),(10122,2022,10,147,4,'',5,138,3),(10123,2022,1,4565,7,'',3,4555,130),(10123,2022,2,4200,3,'',8,4189,116),(10123,2022,3,4559,13,'',11,4535,123),(10123,2022,4,4136,12,'1',6,4117,132),(10123,2022,5,4370,14,'1',20,4335,65),(10123,2022,6,4329,31,'',16,4282,18),(10123,2022,7,4198,35,'2',15,4146,28),(10123,2022,8,4562,49,'',19,4494,59),(10123,2022,9,3854,38,'2',27,3787,10),(10123,2022,10,3711,45,'4',43,3619,30),(10123,2022,11,3961,67,'4',47,3843,26),(10123,2022,12,4472,97,'5',44,4326,8),(10129,2022,2,2500,69,'6',65,2360,14),(10129,2022,5,2560,95,'28',148,2289,39),(10129,2022,7,2481,134,'6',74,2267,40),(10129,2022,9,853,55,'1',18,779,3),(10129,2022,10,2160,88,'4',39,2029,22),(10132,2022,7,1564,11,'1',8,1544,11),(10132,2022,8,1744,9,'',7,1728,1),(10132,2022,11,1542,9,'5',16,1512,1),(10133,2022,1,2655,3,'',4,2648,9),(10133,2022,2,2416,2,'',4,2410,12),(10133,2022,3,2611,2,'',5,2604,30),(10133,2022,4,2413,4,'1',5,2403,8),(10133,2022,5,2584,9,'2',7,2566,15),(10133,2022,6,2485,28,'1',12,2444,4),(10133,2022,7,2515,21,'',14,2480,38),(10133,2022,8,2682,26,'',6,2650,26),(10133,2022,9,2300,15,'',18,2267,30),(10133,2022,10,2263,26,'7',31,2199,34),(10133,2022,11,2477,31,'5',32,2409,30),(10133,2022,12,2577,49,'3',29,2496,17),(10134,2022,4,1817,37,'1',46,1733,3),(10134,2022,5,1912,33,'3',87,1789,8),(10140,2022,2,998,5,'1',20,972,5),(10140,2022,5,1075,2,'1',20,1052,8),(10140,2022,11,1082,11,'3',29,1039,3),(10141,2022,1,1048,3,'',2,1043,42),(10141,2022,2,956,1,'',2,953,38),(10141,2022,3,1048,2,'',6,1040,36),(10141,2022,4,919,1,'',2,916,26),(10141,2022,5,375,2,'',2,373,4),(10142,2022,2,428,1,'',5,422,9),(10142,2022,8,437,2,'',1,434,1),(10146,2022,5,1424,3,'',11,1410,1),(10163,2022,1,106,1,'',1,105,4),(10176,2022,1,1055,22,'3',52,978,1),(10177,2022,5,1069,21,'1',35,1012,2),(10183,2022,10,338,4,'',7,327,1),(10183,2022,12,655,5,'',27,623,2),(10187,2022,7,461,7,'1',11,442,1),(10189,2022,1,3847,201,'5',63,3578,4),(10189,2022,2,3451,38,'2',146,3265,34),(10189,2022,3,3744,306,'4',135,3299,2),(10189,2022,4,3353,139,'5',103,3106,6),(10189,2022,5,3558,137,'15',116,3290,23),(10189,2022,6,3456,168,'5',104,3179,2),(10189,2022,7,3304,140,'8',84,3072,54),(10189,2022,8,3485,122,'3',123,3237,6),(10189,2022,9,1055,67,'',41,947,8),(10189,2022,10,3028,140,'4',89,2795,15),(10189,2022,11,3439,337,'5',58,3039,6),(10189,2022,12,3684,522,'7',122,3033,1),(10201,2022,1,3004,6,'1',6,2997,30),(10201,2022,2,2740,2,'',14,2724,27),(10201,2022,3,2982,1,'',11,2970,13),(10201,2022,4,2709,19,'1',20,2669,4),(10201,2022,5,3022,7,'1',10,3004,26),(10201,2022,6,2893,41,'1',14,2837,39),(10201,2022,7,2641,12,'1',21,2607,36),(10201,2022,8,2836,10,'1',27,2798,73),(10201,2022,9,2673,46,'2',46,2625,52),(10201,2022,10,2508,64,'7',51,2386,40),(10201,2022,11,2981,33,'16',32,2900,22),(10201,2022,12,2976,124,'13',32,2807,4),(10202,2022,2,821,1,'1',10,810,3),(10202,2022,4,808,2,'',7,799,22),(10202,2022,5,884,3,'',7,874,25),(10202,2022,7,876,3,'',8,865,30),(10202,2022,8,932,2,'',10,920,14),(10202,2022,9,778,4,'',13,761,13),(10202,2022,10,737,7,'',12,718,24),(10202,2022,11,887,3,'1',22,861,3),(10202,2022,12,880,5,'',17,858,8),(10204,2022,5,916,2,'',4,910,2),(10204,2022,7,1617,9,'',30,1578,18),(10204,2022,8,1894,6,'',25,1863,22),(10204,2022,9,1559,2,'',21,1536,14),(10204,2022,10,1326,3,'',18,1305,12),(10204,2022,11,1778,5,'2',18,1753,10),(10204,2022,12,1840,69,'',46,1725,2),(10221,2022,4,737,3,'',6,728,39),(10221,2022,5,814,1,'',8,805,121),(10221,2022,7,769,2,'',2,767,87),(10221,2022,9,727,2,'',7,718,34),(10221,2022,10,694,5,'',32,657,40),(10221,2022,11,768,5,'',26,737,40),(10221,2022,12,801,4,'2',22,773,60),(10236,2022,7,2026,165,'7',17,1837,6),(10240,2022,2,3289,56,'4',81,3148,34),(10240,2022,3,3507,110,'7',60,3330,1),(10240,2022,4,3079,38,'4',55,2982,2),(10240,2022,5,3305,68,'17',45,3175,92),(10240,2022,6,3241,66,'4',47,3124,3),(10240,2022,7,2875,72,'8',72,2795,18),(10240,2022,8,3278,98,'9',62,3109,6),(10240,2022,9,1779,132,'12',41,1594,2),(10240,2022,10,2864,88,'8',38,2730,49),(10240,2022,11,3405,121,'9',41,3234,8),(10240,2022,12,3330,239,'8',32,3051,6),(10244,2022,2,955,1,'',17,937,1),(10244,2022,3,1051,2,'',10,1039,1),(10244,2022,5,1021,3,'1',9,1008,1),(10244,2022,6,1008,16,'',13,979,1),(10244,2022,7,975,27,'',19,929,3),(10249,2022,1,2632,17,'',6,2609,41),(10249,2022,2,2392,5,'1',6,2380,43),(10249,2022,3,2602,15,'',11,2576,51),(10249,2022,4,2314,62,'',9,2243,40),(10249,2022,5,2551,10,'',6,2535,59),(10249,2022,6,2518,34,'',7,2477,23),(10249,2022,7,2375,40,'',9,2326,21),(10249,2022,8,2643,108,'',15,2520,19),(10249,2022,9,2277,50,'',26,2201,13),(10249,2022,10,2092,58,'1',42,1991,9),(10249,2022,11,2560,51,'2',30,2477,28),(10249,2022,12,2552,77,'',36,2439,36),(10262,2022,2,1943,1,'',9,1933,53),(10262,2022,3,2128,1,'',9,2118,40),(10262,2022,4,1943,6,'',14,1923,17),(10262,2022,5,2022,2,'',16,2004,26),(10262,2022,6,2109,2,'2',8,2099,4),(10262,2022,7,2134,7,'1',9,2117,22),(10262,2022,8,2326,12,'',7,2307,32),(10262,2022,9,1972,7,'1',16,1948,37),(10262,2022,10,1859,7,'1',27,1824,17),(10262,2022,11,2194,15,'3',35,2141,29),(10262,2022,12,2174,6,'1',19,2148,35),(10263,2022,1,1530,1,'',3,1526,4),(10263,2022,10,1784,10,'2',8,1764,1),(10263,2022,12,2172,10,'1',17,2144,4),(10274,2022,1,2500,5,'',15,2480,36),(10274,2022,2,2292,2,'',7,2283,24),(10274,2022,3,2543,8,'',13,2522,35),(10274,2022,4,2303,11,'1',11,2291,13),(10274,2022,5,2484,5,'1',12,2466,18),(10274,2022,6,2441,49,'',27,2365,12),(10274,2022,7,2372,8,'1',30,2333,27),(10274,2022,8,2577,25,'',23,2529,22),(10274,2022,9,2304,31,'1',35,2237,29),(10274,2022,10,2164,51,'',43,2070,28),(10274,2022,11,2579,31,'1',30,2517,41),(10274,2022,12,2554,139,'3',57,2355,29),(10277,2022,2,1149,13,'2',41,1093,5),(10277,2022,3,1267,32,'2',61,1172,15),(10277,2022,4,1444,45,'7',57,1335,16),(10277,2022,5,1238,54,'1',41,1142,4),(10277,2022,6,1216,40,'3',50,1123,4),(10277,2022,7,1220,47,'4',45,1124,6),(10277,2022,8,1673,140,'17',48,1468,33),(10277,2022,9,1148,61,'12',30,1045,6),(10277,2022,10,1590,231,'12',59,1288,5),(10277,2022,11,1235,35,'2',67,1131,23),(10277,2022,12,1420,70,'6',80,1264,3),(10286,2022,4,1156,40,'2',8,1106,3),(10286,2022,7,1164,14,'',17,1133,12),(10292,2022,1,3054,78,'10',64,2902,6),(10292,2022,2,2718,45,'11',131,2531,29),(10292,2022,5,3397,42,'9',68,3278,20),(10292,2022,7,3278,82,'7',70,3119,16),(10292,2022,9,1015,55,'1',54,905,7),(10292,2022,10,2804,83,'6',119,2596,31),(10292,2022,11,3407,140,'12',127,3128,22),(10292,2022,12,3387,291,'5',165,2926,1),(10300,2022,1,1950,5,'1',2,1942,44),(10300,2022,2,1824,1,'',7,1816,36),(10300,2022,3,1971,1,'2',5,1963,41),(10300,2022,4,1808,1,'1',8,1799,41),(10300,2022,5,2005,1,'',4,2000,45),(10300,2022,6,1805,2,'',3,1800,40),(10300,2022,7,1921,3,'4',7,1907,35),(10300,2022,8,1995,7,'1',8,1979,44),(10300,2022,9,1754,7,'',19,1728,43),(10300,2022,10,1710,27,'3',49,1631,47),(10300,2022,11,1903,19,'4',42,1838,42),(10300,2022,12,1811,4,'3',23,1781,48),(10304,2022,8,851,3,'',16,832,6),(10304,2022,9,666,2,'',9,655,1),(10304,2022,10,592,7,'',26,559,2),(10304,2022,11,777,6,'4',18,749,1),(10304,2022,12,777,1,'',12,764,4),(10315,2022,5,888,38,'',12,838,1),(10317,2022,12,14,2,'',2,12,1),(10319,2022,6,888,2,'',27,859,1),(10319,2022,7,921,8,'',22,891,1),(10319,2022,8,955,4,'',24,927,2),(10319,2022,9,831,20,'',36,775,2),(10319,2022,10,806,15,'1',34,756,5),(10319,2022,11,919,23,'3',35,858,6),(10319,2022,12,913,33,'',27,853,9),(10320,2022,1,2091,24,'3',74,1990,80),(10320,2022,2,1983,33,'',97,1853,57),(10320,2022,3,2120,95,'7',133,1885,46),(10320,2022,4,2169,86,'7',72,2004,48),(10320,2022,5,2113,68,'7',115,1923,52),(10320,2022,6,2071,53,'2',95,1921,45),(10320,2022,7,1921,112,'8',103,1698,20),(10320,2022,8,2371,171,'6',102,2092,89),(10320,2022,9,1857,69,'3',77,1708,17),(10320,2022,10,1936,163,'2',122,1649,30),(10320,2022,11,2083,93,'7',95,1888,17),(10320,2022,12,2199,113,'8',114,1964,33),(10330,2022,1,2156,16,'2',58,2080,117),(10330,2022,2,2030,31,'4',84,1911,48),(10330,2022,3,2173,111,'7',124,1931,56),(10330,2022,4,2288,157,'8',93,2030,58),(10330,2022,5,2169,104,'9',106,1950,72),(10330,2022,6,2144,97,'6',133,1908,43),(10330,2022,7,1992,166,'5',122,1699,23),(10330,2022,8,2536,243,'11',119,2163,25),(10330,2022,9,1963,111,'4',131,1717,28),(10330,2022,10,2117,217,'10',144,1746,49),(10330,2022,11,2151,145,'7',154,1845,27),(10330,2022,12,2125,144,'2',144,1979,39),(10335,2022,1,154,2,'',1,151,2),(10347,2022,7,2004,215,'9',53,1727,2),(10350,2022,1,3775,109,'14',65,3587,18),(10350,2022,2,3385,103,'13',69,3200,55),(10350,2022,3,3390,246,'11',94,3039,69),(10350,2022,4,2845,226,'2',58,2559,1),(10350,2022,5,3563,304,'5',90,3164,12),(10350,2022,6,3532,353,'9',99,3071,1),(10350,2022,7,3474,344,'8',84,3038,3),(10350,2022,9,3175,258,'10',138,2769,11),(10350,2022,10,2824,210,'14',159,2441,1),(10350,2022,12,4250,624,'28',104,3494,20),(10351,2022,1,509,6,'1',11,491,1),(10351,2022,4,519,20,'',11,488,1),(10352,2022,4,148,9,'',10,129,1),(10352,2022,5,129,5,'',12,112,1),(10352,2022,7,134,1,'',8,125,1),(10354,2022,7,571,14,'3',39,515,1),(10354,2022,9,546,19,'4',58,465,5),(10354,2022,10,537,17,'',54,466,1),(10354,2022,11,616,8,'4',64,540,1),(10354,2022,12,614,15,'5',65,529,1),(10356,2022,8,1814,104,'1',21,1688,1),(10357,2022,3,42,4,'',5,33,1),(10358,2022,2,224,8,'1',10,205,1),(10358,2022,3,271,6,'',16,249,1),(10358,2022,4,277,4,'1',16,256,2),(10358,2022,11,234,1,'',5,228,1),(10359,2022,3,293,4,'',17,272,1),(10359,2022,4,264,6,'',14,244,1),(10359,2022,5,295,5,'',19,271,1),(10359,2022,6,283,5,'',21,257,1),(10361,2022,4,1416,2,'',1,1413,12),(10364,2022,1,1082,2,'',10,1070,65),(10364,2022,2,984,1,'',21,962,68),(10364,2022,3,1068,7,'',18,1043,78),(10364,2022,4,960,2,'1',5,952,65),(10364,2022,5,1085,6,'',11,1068,69),(10364,2022,6,1021,4,'',13,1004,37),(10364,2022,7,1040,2,'',10,1028,61),(10364,2022,8,1060,19,'',13,1028,61),(10364,2022,9,920,2,'1',13,904,10),(10364,2022,11,1061,1,'',5,1055,9),(10364,2022,12,1049,2,'',6,1041,9),(10365,2022,1,175,1,'',1,174,22),(10365,2022,5,174,2,'2',4,168,19),(10365,2022,6,168,1,'',4,163,11),(10365,2022,8,183,3,'',2,178,19),(10365,2022,10,128,1,'',2,125,18),(10367,2022,4,660,1,'',1,659,3),(10368,2022,1,605,8,'1',17,579,1),(10369,2022,1,2256,81,'3',30,2142,3),(10369,2022,2,1973,76,'2',30,1865,1),(10369,2022,6,2102,174,'2',17,1909,1),(10369,2022,9,2028,152,'4',35,1837,1),(10373,2022,2,288,6,'',8,274,1),(10375,2022,3,301,9,'',12,280,3),(10377,2022,1,473,3,'',14,456,3),(10377,2022,4,435,13,'',4,418,1),(10378,2022,2,220,2,'',6,212,1),(10378,2022,3,234,3,'',6,225,12),(10378,2022,6,229,1,'',5,223,1),(10378,2022,10,664,37,'4',28,595,1),(10378,2022,11,849,31,'1',26,791,1),(10390,2022,8,611,1,'1',1,610,113),(10390,2022,10,417,1,'',9,407,109),(10390,2022,11,358,1,'',13,344,117),(10392,2022,12,329,1,'',4,324,62),(10393,2022,11,172,3,'1',5,163,97),(10393,2022,12,211,1,'',5,205,55),(10397,2022,3,576,1,'',1,575,106),(10397,2022,6,585,1,'',1,584,122),(10397,2022,7,798,1,'',1,797,41),(10397,2022,9,556,1,'',3,552,135),(10397,2022,10,588,1,'',10,577,89),(10397,2022,11,575,2,'',16,557,131),(10399,2022,12,85,3,'1',2,79,29),(10402,2022,1,3284,12,'2',22,3248,34),(10402,2022,2,3079,21,'1',24,3033,38),(10402,2022,3,3055,22,'',26,3007,48),(10402,2022,4,2400,11,'5',24,2360,9),(10402,2022,5,3521,17,'1',16,3487,12),(10402,2022,6,2371,9,'1',23,2338,20),(10402,2022,7,2025,37,'12',22,1954,16),(10402,2022,8,1545,11,'1',9,1524,6),(10402,2022,9,1790,6,'',26,1758,30),(10402,2022,10,1755,17,'1',38,1699,17),(10402,2022,11,2402,29,'2',55,2316,5),(10402,2022,12,3563,154,'7',100,3302,18),(10403,2022,9,411,6,'',17,388,2),(10403,2022,10,328,4,'1',11,312,1),(10403,2022,11,512,3,'',12,497,1),(10405,2022,1,2020,4,'',4,2016,32),(10405,2022,3,2008,17,'1',9,1981,33),(10405,2022,4,1905,11,'1',3,1890,18),(10405,2022,5,2028,1,'',3,2024,22),(10405,2022,6,1860,1,'',2,1857,25),(10405,2022,7,1920,6,'3',6,1911,40),(10405,2022,8,1966,6,'',10,1950,37),(10405,2022,9,1439,3,'1',9,1426,35),(10405,2022,10,1343,8,'1',19,1315,36),(10405,2022,11,1474,8,'6',22,1438,39),(10405,2022,12,1524,27,'3',23,1471,39),(10407,2022,3,265,1,'',6,258,14),(10407,2022,4,346,4,'1',12,329,19),(10407,2022,5,257,1,'',3,253,16),(10407,2022,6,244,7,'',8,229,18),(10407,2022,7,276,1,'',13,262,16),(10407,2022,8,646,9,'',20,617,7),(10407,2022,9,353,4,'',14,335,3),(10407,2022,10,461,2,'1',14,444,15),(10407,2022,12,359,5,'',16,338,3),(10408,2022,1,275,2,'',12,261,1),(10408,2022,3,307,4,'1',8,294,1),(10408,2022,8,559,6,'3',2,548,2),(10408,2022,11,294,1,'',18,275,3),(10408,2022,12,395,2,'',8,385,3),(10412,2022,1,1374,9,'14',44,1307,19),(10412,2022,3,1547,12,'16',52,1467,10),(10412,2022,4,1369,8,'7',40,1314,1),(10412,2022,5,1609,11,'15',54,1529,12),(10412,2022,12,1217,22,'1',31,1163,1),(10415,2022,1,1896,9,'',18,1869,1),(10415,2022,2,1863,9,'',22,1832,3),(10415,2022,3,1946,27,'1',19,1899,5),(10417,2022,1,3692,20,'6',20,3666,5),(10417,2022,2,3102,51,'5',57,2989,15),(10417,2022,3,2974,43,'5',33,2893,9),(10417,2022,4,1826,26,'1',23,1776,8),(10418,2022,1,1587,8,'2',30,1547,2),(10418,2022,2,1319,16,'3',52,1248,15),(10418,2022,3,1284,16,'6',39,1223,11),(10418,2022,4,836,17,'4',16,799,6),(10421,2022,10,94,1,'',4,89,6),(10421,2022,11,108,1,'3',6,98,8),(10422,2022,1,3180,72,'4',29,3075,30),(10422,2022,2,2915,47,'6',35,2827,12),(10422,2022,3,2932,153,'7',55,2717,53),(10422,2022,4,2621,127,'7',36,2451,7),(10422,2022,5,3184,105,'5',60,3014,15),(10422,2022,6,3162,121,'4',51,2986,7),(10422,2022,7,3097,82,'9',32,2974,2),(10422,2022,8,1783,70,'7',25,1681,1),(10422,2022,10,2751,83,'4',67,2597,18),(10422,2022,11,3150,119,'7',63,2961,4),(10422,2022,12,3537,345,'9',74,3109,6),(10426,2022,3,708,15,'1',8,684,2),(10426,2022,10,851,4,'4',22,825,2),(10430,2022,1,1363,1,'',3,1359,12),(10430,2022,2,1240,1,'',3,1236,9),(10430,2022,3,1346,2,'',3,1341,32),(10430,2022,4,1238,6,'',8,1224,44),(10430,2022,5,1350,4,'',9,1337,40),(10430,2022,7,1285,5,'',12,1268,44),(10430,2022,8,1438,12,'',23,1403,41),(10430,2022,9,1176,7,'1',11,1157,34),(10430,2022,10,1136,10,'',21,1105,44),(10430,2022,11,1332,19,'2',24,1287,51),(10430,2022,12,1317,20,'',30,1267,39),(10431,2022,8,743,1,'',1,742,14),(10431,2022,10,692,2,'',6,684,15),(10431,2022,11,913,3,'1',24,885,11),(10431,2022,12,924,22,'',14,888,9),(10433,2022,1,1548,2,'',1,1545,7),(10433,2022,3,1561,2,'',11,1548,2),(10433,2022,4,1428,2,'',5,1421,1),(10433,2022,6,1506,1,'',1,1505,5),(10433,2022,7,1481,1,'1',8,1472,1),(10433,2022,8,1645,4,'',7,1634,3),(10433,2022,9,1515,5,'1',9,1500,5),(10433,2022,10,1378,7,'1',30,1340,3),(10433,2022,11,1689,6,'3',42,1638,5),(10433,2022,12,1724,34,'1',28,1661,11),(10434,2022,2,922,1,'',2,919,13),(10434,2022,3,986,1,'',5,980,21),(10434,2022,4,902,1,'',1,901,20),(10434,2022,6,951,3,'',7,941,15),(10434,2022,7,996,5,'',4,987,24),(10434,2022,8,1044,2,'',8,1034,22),(10434,2022,9,808,2,'',12,794,7),(10434,2022,10,730,6,'',14,710,12),(10434,2022,11,921,3,'1',15,902,13),(10434,2022,12,939,6,'2',15,916,7),(10436,2022,10,304,2,'1',9,292,1),(10436,2022,12,359,3,'',4,352,4),(10437,2022,1,1261,1,'',1,1260,12),(10437,2022,3,1299,1,'1',4,1294,16),(10437,2022,4,1217,1,'',5,1211,14),(10437,2022,6,1267,1,'',2,1264,12),(10437,2022,7,1296,3,'',5,1288,17),(10437,2022,8,1431,2,'2',8,1421,21),(10437,2022,9,1149,2,'',7,1140,24),(10437,2022,10,1080,13,'',34,1033,16),(10437,2022,11,1233,6,'2',34,1191,48),(10437,2022,12,1289,13,'1',17,1258,33),(10439,2022,1,386,1,'',4,381,2),(10439,2022,7,382,3,'',2,377,1),(10439,2022,8,499,3,'1',4,491,3),(10439,2022,9,890,1,'',11,878,6),(10439,2022,10,828,8,'2',11,807,9),(10439,2022,11,1013,10,'',15,988,5),(10439,2022,12,1006,4,'',7,995,9),(10442,2022,1,1487,2,'',3,1482,90),(10442,2022,2,1358,1,'',7,1350,64),(10442,2022,3,1498,3,'',4,1491,83),(10442,2022,4,1364,6,'',6,1358,58),(10442,2022,5,1476,5,'',5,1471,59),(10442,2022,6,1426,12,'',9,1405,88),(10442,2022,7,1396,24,'',6,1366,73),(10442,2022,8,1557,18,'',16,1523,60),(10442,2022,9,1341,19,'',4,1318,43),(10442,2022,10,1298,26,'',18,1254,40),(10442,2022,11,1491,27,'3',21,1440,42),(10442,2022,12,1476,16,'1',18,1441,40),(10444,2022,11,286,2,'',15,269,99),(10444,2022,12,341,9,'',15,317,99),(10445,2022,12,23,1,'',4,18,4),(10446,2022,9,844,4,'1',6,833,1),(10446,2022,10,847,3,'2',20,822,3),(10446,2022,11,863,4,'1',10,848,1),(10446,2022,12,918,5,'1',12,900,2),(10448,2022,1,1318,3,'',1,1314,4),(10448,2022,2,1244,3,'',1,1240,7),(10448,2022,3,1366,1,'',10,1355,4),(10448,2022,4,1483,5,'1',4,1473,30),(10448,2022,5,1429,1,'',3,1425,22),(10448,2022,6,1362,1,'',1,1361,11),(10448,2022,7,1639,6,'1',9,1623,5),(10448,2022,8,2281,22,'2',9,2248,3),(10448,2022,9,1264,43,'8',15,1198,7),(10448,2022,10,1467,32,'3',20,1412,4),(10448,2022,11,1450,22,'6',10,1412,4),(10448,2022,12,1543,34,'1',16,1492,2),(10450,2022,1,1030,2,'5',8,1015,16),(10450,2022,2,926,3,'4',9,910,28),(10450,2022,3,984,9,'1',12,962,11),(10450,2022,4,842,3,'2',7,830,2),(10450,2022,5,1002,1,'',7,994,4),(10450,2022,7,980,6,'1',8,965,14),(10450,2022,8,1317,9,'2',11,1295,7),(10450,2022,9,937,23,'6',14,894,5),(10450,2022,10,1200,34,'2',20,1144,19),(10450,2022,11,1223,17,'5',23,1178,33),(10450,2022,12,2564,117,'9',55,2383,34),(10451,2022,2,708,5,'3',7,693,1),(10451,2022,4,736,9,'4',6,717,1),(10451,2022,6,749,2,'1',6,740,10),(10451,2022,7,763,7,'1',6,749,1),(10451,2022,10,694,13,'',12,669,3),(10451,2022,11,743,6,'1',12,724,2),(10451,2022,12,801,25,'2',17,757,1),(10454,2022,4,350,20,'',7,323,1),(10454,2022,6,323,7,'3',17,296,1),(10454,2022,7,357,5,'',18,334,2),(10454,2022,8,463,17,'',14,432,1),(10455,2022,3,264,4,'',8,252,1),(10455,2022,4,228,2,'1',9,216,2),(10455,2022,7,252,2,'',6,244,2),(10455,2022,8,276,2,'',1,273,1),(10455,2022,9,216,1,'',6,209,3),(10457,2022,1,532,1,'1',30,501,1),(10457,2022,2,487,1,'1',23,463,19),(10457,2022,7,509,7,'',6,496,4),(10457,2022,8,557,2,'',8,547,6),(10457,2022,9,456,5,'',13,438,14),(10457,2022,10,417,2,'',6,409,5),(10457,2022,12,518,3,'',13,502,1),(10458,2022,1,240,2,'',13,225,2),(10458,2022,4,277,22,'',7,248,1),(10458,2022,8,429,10,'1',15,403,1),(10461,2022,1,2329,52,'2',58,2217,4),(10461,2022,2,2170,14,'2',65,2089,3),(10461,2022,3,2271,86,'2',86,2183,3),(10461,2022,4,2082,66,'1',72,1943,2),(10461,2022,5,2265,114,'1',115,2035,5),(10461,2022,6,2278,78,'4',60,2136,1),(10461,2022,7,2180,78,'5',80,2017,16),(10461,2022,8,2426,35,'3',50,2338,1),(10461,2022,9,2065,9,'4',47,2005,9),(10461,2022,11,2346,33,'4',78,2231,7),(10461,2022,12,2304,38,'6',54,2206,2),(10462,2022,2,1746,6,'20',27,1693,6),(10462,2022,4,1672,32,'30',44,1566,9),(10462,2022,5,1819,49,'27',48,1695,1),(10462,2022,7,1712,52,'1',40,1619,3),(10462,2022,8,2003,14,'2',27,1960,1),(10462,2022,9,1652,7,'1',30,1614,16),(10462,2022,11,1897,15,'1',61,1820,1),(10462,2022,12,1849,30,'1',66,1752,3),(10470,2022,2,1930,2,'',3,1925,25),(10470,2022,3,2094,4,'',7,2083,28),(10470,2022,4,1918,4,'2',2,1912,23),(10470,2022,5,2127,3,'',2,2122,29),(10470,2022,7,2046,10,'1',6,2029,30),(10470,2022,8,2156,5,'3',10,2138,31),(10470,2022,9,1862,9,'1',27,1825,26),(10470,2022,10,1746,14,'1',34,1697,27),(10470,2022,11,2024,12,'3',21,1988,31),(10470,2022,12,2081,25,'1',34,2021,26),(10475,2022,2,1164,2,'1',27,1134,7),(10475,2022,8,1299,20,'1',35,1243,1),(10475,2022,9,1193,9,'',56,1128,1),(10475,2022,10,1193,15,'1',42,1135,1),(10475,2022,11,1250,21,'',55,1174,1),(10480,2022,1,4051,7,'4',6,4034,46),(10480,2022,2,3572,11,'3',7,3551,29),(10480,2022,3,3466,25,'11',21,3409,28),(10480,2022,4,3244,19,'5',9,3211,26),(10480,2022,5,3460,6,'2',4,3448,30),(10480,2022,6,3245,8,'1',15,3221,25),(10480,2022,7,3291,14,'6',25,3246,12),(10480,2022,8,3440,33,'2',31,3374,9),(10480,2022,9,2514,20,'6',42,2446,17),(10480,2022,10,2281,30,'7',49,2195,12),(10480,2022,11,2509,37,'7',51,2414,19),(10480,2022,12,2680,70,'7',72,2531,11),(10492,2022,1,454,7,'',9,438,1),(10494,2022,1,360,5,'',24,331,2),(10494,2022,3,379,1,'',5,373,1),(10495,2022,2,68,1,'',10,57,1),(10496,2022,1,342,5,'',17,320,1),(10496,2022,8,542,1,'',7,534,2),(10497,2022,1,1595,13,'7',60,1515,5),(10497,2022,2,1511,6,'7',55,1443,6),(10497,2022,3,1637,27,'10',82,1518,2),(10497,2022,5,1673,14,'9',60,1590,12),(10497,2022,6,1577,30,'7',56,1484,6),(10497,2022,7,1628,10,'10',54,1564,17),(10497,2022,8,2111,38,'35',20,2018,1),(10497,2022,9,1563,55,'13',109,1386,8),(10497,2022,10,1412,57,'18',136,1201,2),(10497,2022,12,2127,154,'8',79,1886,4),(10500,2022,1,1596,2,'1',2,1593,3),(10500,2022,3,1568,1,'',5,1562,3),(10500,2022,4,1435,3,'',7,1425,1),(10500,2022,6,1488,2,'',2,1486,6),(10500,2022,7,1474,1,'1',2,1471,2),(10500,2022,8,1622,10,'2',5,1605,3),(10500,2022,9,1385,6,'',7,1372,4),(10500,2022,10,1334,7,'',17,1310,6),(10500,2022,11,1551,14,'5',28,1504,5),(10500,2022,12,1525,18,'',20,1487,5),(10505,2022,4,592,1,'1',4,587,16),(10505,2022,6,784,1,'1',2,781,11),(10505,2022,8,913,1,'',5,907,19),(10505,2022,10,746,5,'',9,732,13),(10505,2022,11,875,1,'2',10,862,18),(10505,2022,12,863,5,'1',4,853,14),(10506,2022,1,1232,3,'1',16,1212,1),(10506,2022,2,1120,6,'1',19,1094,6),(10506,2022,4,1045,19,'3',23,1000,1),(10506,2022,5,1135,30,'3',26,1076,4),(10506,2022,7,1074,22,'',19,1033,1),(10506,2022,10,876,8,'1',11,856,1),(10511,2022,4,925,6,'1',6,918,1),(10511,2022,8,1044,1,'',5,1038,1),(10524,2022,6,635,26,'',18,591,2),(10531,2022,2,1509,7,'4',20,1478,1),(10531,2022,6,1620,109,'1',19,1491,5),(10541,2022,4,701,3,'',1,697,2),(10541,2022,7,757,2,'',1,754,2),(10541,2022,8,787,6,'',2,779,10),(10541,2022,9,689,1,'',3,685,8),(10541,2022,10,676,2,'',9,665,6),(10541,2022,11,758,5,'2',9,742,7),(10541,2022,12,748,1,'2',6,739,5),(10542,2022,2,997,1,'',3,993,11),(10542,2022,3,1087,2,'',5,1080,16),(10542,2022,4,998,2,'',2,996,14),(10542,2022,5,1093,1,'',3,1089,24),(10542,2022,6,1023,1,'',1,1022,19),(10542,2022,7,1060,2,'',5,1053,7),(10542,2022,8,1133,6,'',4,1123,12),(10542,2022,9,977,4,'',6,967,12),(10542,2022,10,948,4,'3',9,932,8),(10542,2022,11,1087,3,'3',20,1064,4),(10542,2022,12,1072,3,'1',8,1060,4),(10543,2022,4,148,2,'',2,146,1),(10543,2022,12,151,5,'',6,140,3),(10547,2022,2,476,1,'',11,464,9),(10547,2022,6,494,3,'',10,481,1),(10547,2022,8,676,10,'',13,653,2),(10550,2022,3,367,3,'',2,362,2),(10550,2022,9,329,6,'',9,314,7),(10554,2022,4,170,2,'1',1,167,1),(10555,2022,1,327,5,'',3,319,6),(10555,2022,2,305,3,'2',8,292,11),(10555,2022,3,309,9,'',4,296,6),(10555,2022,4,370,6,'',2,362,2),(10555,2022,8,778,7,'3',13,755,5),(10555,2022,9,567,1,'1',7,559,3),(10555,2022,10,750,1,'1',8,741,11),(10555,2022,12,1042,50,'4',34,954,3),(10556,2022,1,411,5,'',5,406,13),(10556,2022,2,410,3,'',18,389,9),(10556,2022,6,365,3,'1',3,361,6),(10556,2022,7,405,1,'',10,394,1),(10556,2022,8,732,6,'7',13,706,2),(10556,2022,9,740,3,'1',22,714,4),(10556,2022,10,858,4,'2',29,823,2),(10556,2022,12,1179,78,'7',45,1049,13),(10557,2022,1,381,1,'',3,377,3),(10557,2022,2,344,2,'',6,336,12),(10558,2022,9,449,1,'1',7,441,1),(10559,2022,3,189,2,'',1,186,4),(10559,2022,5,181,2,'',2,179,4),(10559,2022,8,344,5,'',1,338,2),(10560,2022,2,374,1,'',4,369,8),(10560,2022,8,659,4,'',3,652,3),(10560,2022,9,603,5,'',13,585,7),(10560,2022,10,785,2,'',17,766,2),(10560,2022,12,868,18,'4',14,832,6),(10561,2022,1,2699,44,'4',8,2643,1),(10561,2022,6,2919,212,'2',51,2654,12),(10561,2022,7,2775,230,'3',32,2510,1),(10565,2022,3,1423,56,'1',26,1340,2),(10567,2022,7,3224,266,'1',58,2899,2),(10567,2022,12,3729,306,'7',45,3371,1),(10572,2022,6,464,6,'2',8,448,2),(10584,2022,7,19,1,'',1,18,1),(10587,2022,10,59,2,'',4,53,1),(10590,2022,6,20,1,'',2,17,2),(10590,2022,8,168,13,'5',10,140,19),(10597,2022,1,1616,19,'5',52,1540,2),(10597,2022,2,1510,11,'6',38,1455,3),(10597,2022,3,1620,15,'8',57,1540,10),(10597,2022,4,1733,23,'11',51,1648,2),(10597,2022,5,1701,7,'8',45,1641,6),(10597,2022,6,1609,26,'8',49,1526,3),(10597,2022,7,1655,9,'9',38,1608,2),(10597,2022,8,2134,38,'33',12,2051,1),(10597,2022,9,1592,50,'27',88,1427,5),(10597,2022,10,1409,58,'23',104,1224,1),(10597,2022,12,2129,157,'7',67,1898,3),(10600,2022,7,746,42,'1',25,678,3),(10601,2022,7,1931,180,'4',75,1672,6),(10601,2022,8,1886,295,'2',75,1514,1),(10605,2022,5,3039,183,'5',38,2813,1),(10605,2022,7,2741,235,'1',96,2409,19),(10605,2022,9,2885,273,'',57,2555,1),(10606,2022,7,1466,171,'',55,1240,2),(10606,2022,11,1774,212,'5',41,1516,1),(10612,2022,1,363,2,'',8,353,3),(10612,2022,5,365,9,'',18,338,1),(10612,2022,6,552,17,'',20,515,3),(10612,2022,7,613,65,'',22,526,13),(10612,2022,8,1217,254,'6',61,896,6),(10612,2022,9,313,13,'',17,283,16),(10612,2022,10,302,9,'',18,275,22),(10613,2022,1,1711,3,'',18,1690,5),(10613,2022,2,1540,10,'2',27,1501,10),(10613,2022,3,1657,30,'2',35,1590,1),(10613,2022,5,1701,16,'2',43,1640,7),(10613,2022,6,1845,39,'1',40,1765,17),(10613,2022,7,1967,97,'2',73,1795,117),(10613,2022,8,2661,397,'17',73,2174,2),(10613,2022,9,1519,47,'6',77,1389,16),(10613,2022,10,1525,26,'9',57,1433,22),(10613,2022,11,1678,28,'3',41,1606,4),(10614,2022,2,476,5,'',11,460,1),(10614,2022,7,520,13,'',26,481,3),(10614,2022,9,466,8,'1',17,440,1),(10614,2022,10,446,12,'',12,434,3),(10619,2022,5,2579,498,'13',80,1988,6),(10619,2022,6,2486,159,'9',81,2237,1),(10619,2022,7,1018,26,'',23,969,10),(10619,2022,9,1687,31,'3',49,1604,24),(10619,2022,10,853,62,'1',30,760,16),(10619,2022,11,1818,53,'4',48,1713,1),(10619,2022,12,2766,107,'7',91,2561,39),(10624,2022,8,278,67,'3',24,184,4),(10624,2022,9,44,1,'',7,36,14),(10629,2022,4,54,1,'',4,49,2),(10629,2022,6,52,8,'',1,43,1),(10629,2022,8,53,2,'',3,48,1),(10629,2022,11,30,2,'',3,25,1),(10629,2022,12,75,1,'',6,68,1),(10634,2022,11,195,1,'1',5,189,1),(10637,2022,6,46,5,'2',5,39,1),(10637,2022,10,40,1,'',1,39,1),(10637,2022,12,75,6,'',8,61,2),(10638,2022,9,98,6,'1',2,89,1),(10639,2022,12,93,10,'',11,72,2),(10641,2022,4,1580,1,'',20,1559,4),(10681,2022,5,16,2,'',1,13,2),(10730,2022,8,1052,3,'1',36,1012,14),(10790,2022,8,214,2,'',1,211,74),(10790,2022,11,121,1,'',1,120,34),(10797,2022,2,80,1,'',2,77,1),(10801,2022,8,28,1,'',7,20,160),(10821,2022,4,1052,4,'',1,1047,1),(10821,2022,6,1108,3,'',4,1101,2),(10821,2022,7,1144,2,'',7,1135,2),(10821,2022,8,1198,3,'1',4,1190,12),(10821,2022,9,1033,8,'',12,1013,5),(10821,2022,10,1012,11,'1',16,984,1),(10821,2022,11,1142,12,'1',17,1112,2),(10821,2022,12,1134,8,'1',14,1111,1),(10825,2022,1,2159,2,'',2,2157,14),(10825,2022,2,2016,4,'',3,2009,21),(10825,2022,3,2155,2,'',4,2149,26),(10825,2022,4,2033,4,'',2,2027,21),(10825,2022,5,2209,5,'',1,2203,32),(10825,2022,6,2079,5,'',2,2072,25),(10825,2022,7,2105,12,'2',6,2085,15),(10825,2022,8,2058,2,'',5,2051,17),(10825,2022,9,2000,16,'2',22,1960,8),(10825,2022,10,1931,10,'1',21,1899,16),(10825,2022,11,2156,18,'5',33,2100,11),(10825,2022,12,2116,24,'6',31,2055,9),(10826,2022,2,1616,5,'1',6,1604,1),(10826,2022,3,1719,4,'',4,1715,4),(10826,2022,5,1763,1,'',2,1760,1),(10826,2022,6,1654,3,'',5,1646,1),(10826,2022,8,1650,9,'4',11,1626,3),(10826,2022,10,1563,16,'2',27,1518,4),(10826,2022,11,1744,19,'7',47,1671,2),(10826,2022,12,1698,12,'2',36,1648,2),(10828,2022,4,156,1,'',2,153,4),(10828,2022,6,70,1,'',4,65,12),(10828,2022,9,155,1,'',3,151,6),(10836,2022,1,962,1,'2',1,959,1),(10836,2022,3,1008,1,'1',1,1007,4),(10836,2022,5,1052,2,'',1,1049,9),(10836,2022,6,989,1,'1',2,986,3),(10836,2022,7,1056,1,'',6,1049,19),(10836,2022,8,1380,2,'1',5,1372,6),(10836,2022,9,984,6,'1',4,973,4),(10836,2022,10,1117,7,'',20,1090,7),(10836,2022,11,1021,1,'1',16,1004,2),(10836,2022,12,1031,9,'2',17,1003,5),(10840,2022,4,198,2,'',2,196,4),(10840,2022,8,235,2,'',2,233,3),(10840,2022,10,179,2,'',3,174,1),(10840,2022,12,184,1,'',1,183,2),(10845,2022,2,1154,1,'',2,1151,6),(10845,2022,4,1225,3,'',1,1221,5),(10845,2022,5,1259,1,'1',2,1256,3),(10845,2022,6,1225,1,'',1,1224,3),(10845,2022,7,1280,2,'',2,1278,6),(10845,2022,8,1304,2,'',1,1301,11),(10845,2022,9,1211,2,'',4,1205,14),(10845,2022,10,1243,2,'3',9,1229,8),(10845,2022,11,1249,3,'3',6,1240,21),(10845,2022,12,1269,2,'',7,1260,6),(10852,2022,1,2275,6,'1',6,2268,17),(10852,2022,2,2084,3,'',8,2073,8),(10852,2022,3,2245,3,'',6,2236,3),(10852,2022,4,2061,18,'',10,2033,2),(10852,2022,5,2242,4,'',8,2230,11),(10852,2022,7,1573,9,'',11,1553,12),(10852,2022,9,1864,5,'1',15,1843,12),(10852,2022,10,1670,5,'1',18,1646,15),(10852,2022,11,2061,16,'2',24,2019,19),(10852,2022,12,2228,33,'1',23,2171,13),(10870,2022,2,440,1,'',2,437,8),(10870,2022,4,457,1,'',1,456,9),(10870,2022,9,440,1,'',11,428,5),(10870,2022,10,455,3,'',8,444,16),(10870,2022,11,424,6,'1',12,405,14),(10870,2022,12,445,2,'1',13,429,26),(10875,2022,7,25,1,'',2,22,2),(10875,2022,9,28,3,'',1,24,3),(10881,2022,2,368,2,'',11,355,1),(10881,2022,3,413,4,'',16,393,1),(10881,2022,4,604,10,'',23,571,6),(10881,2022,5,416,5,'',13,398,7),(10881,2022,6,392,8,'',18,366,3),(10881,2022,7,395,7,'',12,376,1),(10881,2022,8,1149,42,'4',31,1072,62),(10881,2022,10,423,11,'2',23,387,3),(10881,2022,11,400,10,'1',22,367,9),(10881,2022,12,470,10,'1',26,433,3),(10883,2022,5,278,5,'',18,255,2),(10883,2022,6,257,2,'1',21,233,1),(10883,2022,9,245,8,'',35,202,2),(10883,2022,11,268,9,'',26,233,1),(10883,2022,12,265,8,'1',33,223,1),(10885,2022,1,856,5,'4',8,839,5),(10885,2022,2,784,7,'3',15,759,2),(10885,2022,3,880,10,'1',29,840,5),(10885,2022,4,1154,19,'1',22,1112,2),(10885,2022,5,879,11,'2',39,827,11),(10885,2022,6,806,4,'1',29,772,1),(10885,2022,7,833,8,'',41,784,8),(10885,2022,8,1954,85,'4',48,1817,5),(10885,2022,9,739,14,'1',28,696,7),(10885,2022,10,990,48,'2',32,908,9),(10885,2022,11,856,6,'1',28,821,29),(10885,2022,12,1069,34,'2',52,981,27),(10900,2022,10,393,4,'',12,377,2),(10900,2022,12,297,1,'1',8,288,3),(10909,2022,7,414,1,'',2,411,1),(10909,2022,10,511,2,'1',5,503,1),(10909,2022,11,350,3,'',6,341,5),(10909,2022,12,552,1,'2',14,535,3),(10910,2022,2,1238,1,'',2,1235,15),(10910,2022,3,1300,2,'',7,1291,19),(10910,2022,4,1243,2,'',3,1238,26),(10910,2022,5,1380,2,'',6,1372,38),(10910,2022,6,1242,5,'',4,1233,44),(10910,2022,7,1334,2,'',6,1326,42),(10910,2022,8,1371,6,'',9,1356,27),(10910,2022,9,1229,6,'2',24,1197,47),(10910,2022,10,1187,11,'1',36,1139,43),(10910,2022,11,1310,9,'',32,1269,42),(10910,2022,12,1586,21,'2',33,1530,30),(10921,2022,3,1928,3,'1',7,1917,1),(10921,2022,5,1961,3,'',13,1945,2),(10921,2022,7,1869,9,'1',22,1837,1),(10921,2022,10,1509,4,'7',30,1468,1),(10921,2022,11,1829,13,'10',60,1746,7),(10921,2022,12,1895,18,'3',38,1836,8),(10930,2022,7,383,2,'2',1,380,2),(10940,2022,6,646,2,'',2,644,2),(10940,2022,7,679,3,'',2,674,2),(10940,2022,9,603,2,'',10,591,1),(10940,2022,10,611,3,'1',20,587,8),(10940,2022,11,631,2,'',19,610,17),(10940,2022,12,655,9,'',21,625,16),(10942,2022,9,252,2,'',7,243,2),(10942,2022,10,247,2,'',3,242,2),(10947,2022,1,1479,1,'1',8,1470,14),(10947,2022,2,1557,2,'1',6,1548,12),(10947,2022,3,1685,5,'4',22,1654,12),(10947,2022,4,1558,14,'6',11,1527,8),(10947,2022,5,1724,3,'',31,1690,8),(10947,2022,7,1631,4,'1',26,1600,5),(10947,2022,9,1528,17,'2',46,1463,3),(10947,2022,10,1507,9,'',55,1443,4),(10947,2022,12,1675,21,'3',60,1591,1),(10949,2022,8,472,2,'',4,466,1),(10949,2022,9,394,2,'',5,387,1),(10950,2022,2,2192,2,'',7,2183,19),(10950,2022,3,2337,6,'2',10,2319,17),(10950,2022,4,2203,6,'',6,2197,17),(10950,2022,5,2461,6,'',11,2444,5),(10950,2022,6,2234,8,'',11,2215,12),(10950,2022,7,2269,6,'3',14,2246,12),(10950,2022,8,2427,9,'',16,2402,6),(10950,2022,9,2083,24,'1',51,2007,14),(10950,2022,11,2216,18,'2',64,2132,19),(10950,2022,12,2310,34,'3',80,2193,13),(10953,2022,9,637,2,'1',7,627,10),(10953,2022,10,623,2,'3',12,606,8),(10953,2022,11,684,4,'',13,667,8),(10953,2022,12,706,12,'',8,686,13),(10955,2022,10,297,5,'1',6,285,1),(10955,2022,12,331,6,'1',3,321,1),(10959,2022,5,206,1,'',1,205,2),(10960,2022,1,1342,2,'',1,1339,6),(10960,2022,2,1259,4,'2',4,1253,13),(10960,2022,3,1323,5,'3',6,1309,14),(10960,2022,4,1218,9,'2',9,1207,10),(10960,2022,5,1327,3,'',7,1317,11),(10960,2022,6,1240,5,'1',7,1227,6),(10960,2022,7,1283,5,'2',7,1269,2),(10960,2022,8,1377,16,'4',13,1344,33),(10960,2022,9,1180,8,'2',20,1150,13),(10960,2022,10,1148,11,'3',26,1108,19),(10960,2022,11,1240,6,'',27,1207,24),(10960,2022,12,1315,29,'3',33,1250,7),(10961,2022,1,511,1,'',1,510,7),(10961,2022,2,482,1,'',2,479,4),(10961,2022,4,645,3,'1',4,637,13),(10961,2022,5,542,1,'',1,541,5),(10961,2022,8,936,2,'',4,930,5),(10961,2022,9,487,1,'1',6,480,1),(10961,2022,10,530,4,'2',11,513,8),(10961,2022,11,501,3,'2',11,485,3),(10962,2022,4,522,2,'3',2,517,8),(10962,2022,5,420,1,'',1,419,3),(10962,2022,8,778,1,'8',3,766,7),(10962,2022,9,456,2,'',9,445,5),(10962,2022,10,552,2,'',13,537,6),(10962,2022,11,463,1,'',17,445,6),(10962,2022,12,484,6,'1',9,468,10),(10963,2022,12,208,1,'',5,202,4),(10968,2022,10,463,1,'',9,453,3),(10968,2022,11,490,3,'1',5,481,12),(10968,2022,12,502,9,'',8,485,2),(10969,2022,1,643,4,'',3,636,7),(10969,2022,2,552,6,'',2,544,7),(10969,2022,3,629,4,'',2,623,19),(10969,2022,4,826,6,'',3,817,61),(10969,2022,6,591,1,'',3,587,23),(10969,2022,7,630,3,'',5,622,68),(10969,2022,8,1522,77,'',5,1440,32),(10969,2022,9,597,2,'1',2,594,16),(10969,2022,10,713,1,'',2,710,37),(10969,2022,12,676,1,'',5,670,12),(10970,2022,1,786,1,'1',11,774,4),(10970,2022,2,705,1,'',10,694,4),(10970,2022,3,766,8,'2',23,733,11),(10970,2022,4,737,4,'',14,719,8),(10970,2022,5,783,8,'',17,758,1),(10970,2022,8,1046,9,'2',45,990,26),(10970,2022,10,792,10,'',38,744,3),(10972,2022,1,408,2,'1',9,396,2),(10972,2022,3,379,6,'2',6,371,3),(10972,2022,5,421,2,'',7,412,8),(10972,2022,6,381,3,'',6,372,12),(10972,2022,7,431,3,'',6,422,6),(10972,2022,8,716,2,'2',13,701,10),(10972,2022,9,453,2,'2',13,438,9),(10972,2022,10,565,4,'',22,539,5),(10975,2022,4,108,1,'',5,102,4),(10980,2022,1,322,1,'2',2,319,1),(10980,2022,3,348,1,'1',2,345,2),(10980,2022,4,319,1,'',9,309,9),(10980,2022,5,340,4,'5',2,329,8),(10980,2022,6,327,1,'',7,319,1),(10980,2022,8,356,13,'6',1,336,7),(10980,2022,11,332,1,'2',4,325,8),(10981,2022,1,488,3,'6',4,475,16),(10981,2022,2,456,4,'2',5,445,19),(10981,2022,4,533,5,'4',8,516,30),(10981,2022,5,459,5,'',5,454,20),(10981,2022,6,485,4,'',7,474,17),(10981,2022,7,516,3,'',7,506,19),(10981,2022,8,1253,24,'7',3,1219,17),(10981,2022,9,505,2,'3',8,492,13),(10981,2022,10,608,6,'2',15,585,6),(10981,2022,11,485,3,'',12,470,13),(10981,2022,12,561,7,'2',8,544,10),(10982,2022,1,247,3,'',1,243,3),(10982,2022,3,257,1,'',2,254,1),(10982,2022,4,232,1,'',3,228,6),(10982,2022,6,243,1,'',6,236,5),(10982,2022,7,252,1,'',3,248,11),(10982,2022,11,252,1,'',2,249,10),(10984,2022,2,236,2,'3',5,226,1),(10984,2022,3,259,4,'',6,249,2),(10984,2022,8,341,11,'3',2,325,3),(10984,2022,11,256,3,'1',4,248,4),(10985,2022,4,143,3,'1',4,135,1),(10985,2022,10,150,5,'',5,145,1),(10987,2022,2,104,4,'',2,98,3),(10987,2022,3,114,9,'',2,103,2),(10987,2022,5,81,3,'',3,78,7),(10987,2022,6,117,1,'',3,113,2),(10987,2022,7,133,1,'',3,129,5),(10987,2022,11,106,1,'',3,102,4),(10988,2022,12,27,1,'',1,26,1),(10993,2022,10,172,1,'',9,162,71),(10993,2022,11,133,1,'',7,125,47),(10993,2022,12,171,1,'',5,165,27),(10996,2022,1,188,1,'',1,187,1),(10996,2022,3,202,1,'4',3,194,3),(10996,2022,4,224,1,'2',6,215,6),(10996,2022,6,177,2,'',4,171,10),(10996,2022,7,187,3,'',2,182,17),(10996,2022,8,499,1,'',4,494,14),(10996,2022,10,311,3,'',6,302,15),(10996,2022,12,287,10,'',12,265,1),(10998,2022,1,529,1,'',8,520,1),(10998,2022,4,572,1,'',13,558,1),(10998,2022,7,557,3,'',13,541,1),(10998,2022,8,697,6,'1',16,674,4),(11003,2022,1,3926,12,'3',4,3907,41),(11003,2022,2,3588,2,'',6,3580,44),(11003,2022,3,3901,5,'3',6,3887,42),(11003,2022,4,3475,12,'',6,3457,37),(11003,2022,5,3653,24,'3',7,3619,22),(11003,2022,6,3675,52,'2',11,3610,51),(11003,2022,7,3457,19,'4',10,3424,65),(11003,2022,8,3865,49,'4',6,3806,65),(11003,2022,9,3185,51,'',36,3098,51),(11003,2022,10,3076,59,'5',59,3012,42),(11003,2022,11,3241,69,'8',62,3102,31),(11003,2022,12,3751,108,'11',79,3553,33),(11005,2022,3,814,1,'',3,810,2),(11005,2022,11,813,5,'1',3,804,4),(11005,2022,12,800,2,'',3,795,9),(11009,2022,6,1203,3,'',8,1192,1),(11009,2022,7,1191,3,'2',9,1177,2),(11009,2022,8,1298,3,'',7,1288,7),(11011,2022,1,2997,8,'1',7,2981,3),(11011,2022,2,2764,2,'',9,2753,2),(11011,2022,4,2704,5,'1',12,2686,1),(11011,2022,7,2917,22,'2',14,2879,3),(11011,2022,8,3124,20,'2',18,3084,3),(11011,2022,9,2609,27,'1',36,2545,1),(11011,2022,10,2332,14,'6',34,2278,7),(11011,2022,11,2548,14,'2',42,2490,3),(11011,2022,12,2923,40,'5',39,2839,9),(11020,2022,7,192,1,'',1,191,7),(11020,2022,9,173,1,'',1,172,2),(11020,2022,10,161,1,'1',1,160,4),(11020,2022,11,196,1,'',2,193,10),(11024,2022,6,339,2,'',1,336,14),(11024,2022,7,345,3,'',1,341,16),(11024,2022,8,369,3,'',1,365,14),(11024,2022,11,348,3,'',3,345,14),(11030,2022,6,402,1,'',2,399,2),(11036,2022,9,359,1,'',3,355,10),(11036,2022,10,330,2,'1',3,324,10),(11036,2022,11,413,1,'1',4,408,19),(11036,2022,12,407,1,'',1,406,23),(11056,2022,4,525,1,'',4,520,16),(11056,2022,7,569,3,'',1,565,18),(11056,2022,9,513,2,'',3,508,10),(11056,2022,11,584,2,'',4,578,2),(11101,2022,1,4026,9,'',8,4009,27),(11101,2022,2,3686,7,'',5,3674,18),(11101,2022,3,4002,8,'1',6,3987,35),(11101,2022,4,3576,13,'2',4,3557,44),(11101,2022,5,1477,5,'',5,1472,36),(11115,2022,7,233,1,'',1,232,1),(11115,2022,9,79,2,'',1,76,13),(11119,2022,2,460,4,'1',7,448,3),(11119,2022,5,497,3,'1',11,482,1),(11126,2022,6,3563,344,'4',45,3170,1),(11126,2022,7,3345,179,'8',66,3092,4),(11128,2022,4,1514,14,'',53,1447,2),(11128,2022,7,1657,9,'',47,1601,2),(11128,2022,9,1532,18,'3',66,1445,1),(11128,2022,11,1756,23,'',71,1662,1),(11128,2022,12,1823,38,'3',69,1713,1),(11130,2022,1,548,5,'',3,540,3),(11130,2022,9,463,5,'',2,456,19),(11130,2022,10,423,1,'1',2,420,10),(11130,2022,11,529,3,'',3,526,37),(11130,2022,12,519,2,'1',3,513,38),(11132,2022,1,1128,24,'1',42,1061,1),(11132,2022,2,1106,6,'2',60,1038,1),(11133,2022,1,1613,47,'3',71,1492,2),(11133,2022,4,1721,38,'2',40,1641,10),(11135,2022,4,345,18,'1',10,316,2),(11136,2022,6,3257,61,'2',44,3150,3),(11136,2022,8,3538,77,'1',83,3377,5),(11136,2022,9,2932,52,'',66,2814,74),(11136,2022,10,3001,81,'3',89,2828,66),(11136,2022,11,2797,95,'6',84,2612,70),(11136,2022,12,3435,95,'10',88,3242,74),(11157,2022,5,1363,11,'1',43,1308,1),(11160,2022,2,2352,72,'1',118,2161,24),(11160,2022,5,2641,131,'5',59,2446,8),(11160,2022,7,2403,161,'',74,2168,1),(11160,2022,9,795,83,'6',80,626,2),(11164,2022,1,3488,11,'2',5,3470,29),(11164,2022,2,3613,7,'',10,3596,20),(11164,2022,3,3958,11,'8',10,3929,14),(11164,2022,4,3455,15,'',4,3436,16),(11164,2022,5,3873,18,'1',15,3839,20),(11164,2022,6,3817,60,'1',19,3737,18),(11164,2022,7,3498,19,'3',22,3454,23),(11164,2022,8,3856,14,'1',16,3825,22),(11164,2022,9,3438,54,'1',30,3353,18),(11164,2022,10,3135,64,'5',49,3017,12),(11164,2022,11,3863,35,'10',52,3766,12),(11164,2022,12,3862,134,'4',40,3684,7),(11168,2022,7,1812,91,'7',29,1685,6),(11177,2022,6,50,2,'',3,45,6),(11177,2022,8,176,3,'',6,167,2),(11186,2022,1,384,2,'',2,382,1),(11186,2022,3,380,3,'',3,377,1),(11186,2022,10,225,2,'',4,219,1),(11186,2022,12,411,8,'',4,399,1),(11189,2022,2,2744,37,'',62,2645,2),(11189,2022,3,2703,53,'3',52,2595,5),(11189,2022,4,2302,7,'1',23,2271,2),(11189,2022,9,2142,26,'1',34,2081,1),(11189,2022,10,1331,40,'1',31,1259,3),(11189,2022,11,2264,33,'',65,2166,1),(11189,2022,12,3028,45,'2',113,2868,13),(11190,2022,3,197,7,'1',9,180,17),(11190,2022,5,195,9,'',6,180,1),(11190,2022,8,240,11,'',15,214,1),(11191,2022,8,215,1,'',3,211,3),(11191,2022,10,110,2,'',4,104,2),(11198,2022,8,538,5,'4',25,504,8),(11199,2022,2,151,1,'3',1,147,1),(11199,2022,3,150,2,'6',4,138,9),(11199,2022,6,162,5,'3',10,144,2),(11199,2022,8,196,9,'',14,173,26),(11199,2022,9,146,5,'',14,127,1),(11199,2022,11,166,5,'2',6,153,3),(11200,2022,3,92,3,'1',4,84,308),(11200,2022,4,244,64,'1',9,170,2),(11200,2022,5,88,1,'1',5,82,112),(11200,2022,7,86,4,'',2,80,56),(11200,2022,8,876,266,'5',46,559,190),(11200,2022,12,88,4,'',1,83,56),(11205,2022,9,483,2,'',6,475,4),(11205,2022,11,558,2,'1',4,551,4),(11210,2022,1,1410,33,'',30,1347,34),(11210,2022,2,1266,21,'1',54,1190,18),(11210,2022,3,1352,79,'3',76,1194,25),(11210,2022,4,1560,172,'15',69,1304,20),(11210,2022,5,1367,87,'8',64,1208,18),(11210,2022,6,1329,64,'4',89,1172,25),(11210,2022,7,1343,114,'6',57,1166,20),(11210,2022,8,1831,372,'1',112,1346,15),(11210,2022,9,1278,97,'4',82,1095,22),(11210,2022,10,1509,221,'3',108,1177,23),(11210,2022,11,1377,144,'4',79,1150,18),(11210,2022,12,1591,172,'',108,1311,39),(11224,2022,7,25,1,'1',1,24,1),(11225,2022,1,1824,14,'5',38,1767,2),(11225,2022,3,1830,27,'4',77,1722,4),(11225,2022,4,1672,41,'2',59,1570,4),(11225,2022,5,1890,31,'4',73,1782,4),(11225,2022,6,1804,39,'3',69,1693,3),(11225,2022,7,1797,35,'2',65,1695,9),(11225,2022,9,1645,59,'2',81,1503,4),(11225,2022,10,1561,35,'4',85,1437,5),(11225,2022,12,1889,50,'1',82,1756,3),(11238,2022,2,184,1,'',3,180,9),(11238,2022,3,218,1,'4',4,213,4),(11238,2022,8,506,8,'',54,444,13),(11238,2022,10,244,8,'',12,224,10),(11238,2022,11,188,5,'',8,175,40),(11238,2022,12,300,2,'',12,286,28),(11240,2022,1,1262,18,'2',46,1196,32),(11240,2022,2,1164,17,'5',43,1099,39),(11240,2022,3,1252,75,'6',48,1123,23),(11240,2022,4,1455,114,'11',48,1282,18),(11240,2022,5,1255,83,'5',49,1118,11),(11240,2022,6,1225,75,'7',66,1077,24),(11240,2022,7,1229,93,'12',64,1060,23),(11240,2022,8,1711,289,'7',108,1307,11),(11240,2022,9,1184,101,'2',79,1002,15),(11240,2022,10,1460,262,'3',102,1093,15),(11240,2022,11,1278,120,'5',80,1073,13),(11240,2022,12,1539,165,'5',91,1278,15),(11249,2022,7,1531,37,'',33,1461,17),(11252,2022,8,765,4,'',9,752,1),(11252,2022,10,624,2,'',2,622,4),(11252,2022,11,758,1,'1',6,751,21),(11252,2022,12,748,3,'1',5,739,22),(11266,2022,2,2013,10,'6',46,1951,15),(11266,2022,3,2371,18,'2',72,2279,1),(11266,2022,5,2206,16,'5',72,2113,13),(11266,2022,7,2062,82,'7',31,1942,12),(11266,2022,9,725,18,'',15,692,10),(11266,2022,10,1915,22,'5',35,1853,4),(11270,2022,6,670,2,'',2,668,1),(11270,2022,7,794,1,'',2,791,7),(11270,2022,8,773,2,'',3,768,1),(11270,2022,11,658,3,'',9,646,3),(11270,2022,12,810,30,'',20,760,1),(11277,2022,1,2606,51,'',10,2545,39),(11277,2022,2,2340,14,'1',16,2309,40),(11277,2022,3,2557,28,'',13,2516,68),(11277,2022,4,2191,36,'',10,2145,33),(11277,2022,5,2436,20,'',17,2399,61),(11277,2022,6,2256,63,'',31,2162,38),(11277,2022,7,1971,19,'1',41,1910,44),(11277,2022,8,2211,16,'2',26,2167,25),(11277,2022,9,2156,55,'1',51,2049,38),(11277,2022,10,1992,76,'5',42,1869,43),(11277,2022,11,2638,82,'6',50,2500,65),(11277,2022,12,2641,157,'3',54,2427,54),(11280,2022,1,4136,93,'7',66,3970,29),(11280,2022,2,3722,88,'8',61,3565,47),(11280,2022,3,4032,232,'10',97,3693,198),(11280,2022,4,3999,211,'40',84,3664,10),(11280,2022,5,4024,309,'29',101,3585,42),(11280,2022,6,4042,288,'26',97,3631,9),(11280,2022,7,3943,297,'29',100,3517,51),(11280,2022,8,4444,518,'47',122,3757,14),(11280,2022,9,3773,349,'12',152,3260,3),(11280,2022,10,3916,441,'24',150,3301,23),(11280,2022,11,4105,396,'21',134,3554,22),(11280,2022,12,4553,499,'33',155,3866,43),(11289,2022,2,2889,47,'1',121,2720,31),(11289,2022,4,2908,134,'7',60,2707,10),(11289,2022,5,3103,69,'2',58,2974,44),(11289,2022,7,2875,101,'7',46,2721,45),(11289,2022,9,969,32,'2',15,920,2),(11289,2022,10,2513,86,'4',47,2376,18),(11289,2022,11,2938,248,'7',49,2634,2),(11301,2022,1,2270,2,'',4,2264,2),(11301,2022,2,2068,1,'',3,2064,3),(11301,2022,3,2250,2,'',6,2242,1),(11301,2022,10,1822,33,'3',68,1718,2),(11301,2022,11,2222,31,'4',62,2125,6),(11306,2022,3,18,6,'',2,10,1),(11310,2022,1,2082,32,'2',69,1979,83),(11310,2022,2,1973,34,'3',110,1826,48),(11310,2022,3,2110,92,'6',112,1900,32),(11310,2022,4,2189,118,'2',90,1979,42),(11310,2022,5,2101,86,'3',115,1897,43),(11310,2022,6,2055,81,'',115,1859,38),(11310,2022,7,1904,123,'3',110,1668,9),(11310,2022,8,2378,148,'4',115,2111,57),(11310,2022,9,1855,101,'2',102,1650,34),(11310,2022,10,1932,174,'3',137,1618,26),(11310,2022,11,2072,122,'3',134,1813,21),(11310,2022,12,2167,104,'2',135,1926,17),(11319,2022,3,602,10,'1',10,591,1),(11325,2022,5,280,3,'',1,276,18),(11325,2022,6,265,3,'',3,262,15),(11325,2022,7,272,5,'',3,264,18),(11325,2022,8,290,2,'',2,288,19),(11325,2022,9,237,3,'',3,234,26),(11325,2022,11,281,3,'',5,273,50),(11331,2022,1,2969,6,'1',2,2960,1),(11337,2022,9,29,1,'',3,25,1),(11340,2022,1,1971,29,'2',76,1864,84),(11340,2022,2,1848,34,'4',103,1707,55),(11340,2022,3,2010,97,'8',105,1800,47),(11340,2022,4,2060,129,'10',84,1837,56),(11340,2022,5,1989,91,'8',102,1788,57),(11340,2022,6,1961,88,'7',126,1740,43),(11340,2022,7,1825,146,'9',106,1564,32),(11340,2022,8,2279,185,'16',121,1957,24),(11340,2022,9,1773,98,'5',106,1564,32),(11340,2022,10,1904,173,'11',113,1607,30),(11340,2022,11,1939,111,'5',105,1718,21),(11340,2022,12,2104,120,'5',112,1867,51),(11342,2022,7,19,2,'',1,16,1),(11343,2022,2,316,2,'',17,297,1),(11347,2022,10,39,2,'',3,34,1),(11348,2022,8,57,11,'',1,45,3),(11348,2022,10,345,42,'2',14,287,10),(11348,2022,11,60,11,'',9,40,1),(11348,2022,12,388,50,'1',24,313,1),(11357,2022,6,64,3,'',7,54,1),(11367,2022,1,770,13,'1',19,737,1),(11367,2022,2,698,10,'',13,675,1),(11367,2022,4,714,31,'',14,669,1),(11370,2022,1,2203,56,'3',26,2118,9),(11370,2022,2,2032,75,'',40,1917,4),(11370,2022,3,2141,160,'1',46,1934,10),(11370,2022,4,1732,89,'6',21,1616,5),(11370,2022,5,1850,93,'2',37,1718,1),(11370,2022,8,1928,60,'1',23,1844,1),(11370,2022,9,1750,92,'4',29,1625,1),(11376,2022,1,226,1,'',1,225,1),(11379,2022,5,447,16,'',20,411,1),(11379,2022,7,426,16,'',14,396,1),(11380,2022,2,945,21,'',15,909,1),(11380,2022,3,802,20,'',12,770,13),(11388,2022,11,140,1,'',1,139,1),(11389,2022,1,667,39,'',21,607,12),(11389,2022,2,656,16,'',34,606,2),(11389,2022,3,711,24,'',31,656,4),(11389,2022,4,640,8,'1',16,615,1),(11389,2022,5,689,7,'',17,665,1),(11401,2022,1,2942,43,'8',10,2881,31),(11401,2022,2,2704,41,'5',21,2637,2),(11401,2022,3,2776,178,'10',23,2565,46),(11401,2022,4,2572,157,'8',32,2375,6),(11401,2022,5,2874,106,'6',57,2705,47),(11401,2022,6,2858,110,'8',33,2707,30),(11401,2022,7,2758,94,'4',19,2641,5),(11401,2022,8,1665,76,'3',30,1556,2),(11401,2022,10,2430,112,'11',42,2265,18),(11401,2022,11,2925,152,'10',49,2714,2),(11401,2022,12,3547,421,'7',64,3055,4),(11418,2022,7,376,9,'1',4,362,2),(11419,2022,2,1813,38,'3',60,1712,11),(11419,2022,3,1797,23,'5',61,1708,9),(11419,2022,4,1072,13,'4',8,1047,4),(11423,2022,4,173,3,'1',10,159,4),(11424,2022,4,277,2,'',6,269,2),(11424,2022,7,297,4,'',13,280,1),(11424,2022,8,316,7,'',9,300,3),(11424,2022,10,128,1,'',6,121,1),(11424,2022,12,301,5,'2',15,279,2),(11451,2022,1,1968,52,'',23,1893,2),(11451,2022,2,1758,18,'2',29,1709,33),(11451,2022,4,1748,27,'2',45,1674,16),(11451,2022,5,1949,78,'',60,1811,15),(11451,2022,7,1863,34,'',55,1774,22),(11451,2022,8,2011,20,'2',29,1960,9),(11451,2022,9,1746,9,'',28,1709,6),(11451,2022,11,1970,16,'1',42,1911,8),(11454,2022,2,639,13,'1',18,607,4),(11454,2022,6,607,10,'',11,586,1),(11458,2022,2,419,2,'',6,411,5),(11458,2022,4,399,3,'',12,384,2),(11458,2022,5,441,13,'',30,398,1),(11460,2022,1,1197,13,'1',19,1164,1),(11460,2022,2,1090,7,'3',27,1053,9),(11460,2022,4,1056,17,'6',37,996,7),(11460,2022,5,1148,41,'2',51,1054,5),(11460,2022,7,1085,18,'1',29,1037,8),(11460,2022,8,1205,21,'3',30,1151,1),(11460,2022,9,1001,12,'1',21,967,8),(11460,2022,11,1102,16,'',38,1048,2),(11460,2022,12,1078,20,'3',25,1030,1),(11462,2022,5,496,21,'',10,465,4),(11484,2022,4,419,5,'',5,414,1),(11485,2022,4,108,3,'',6,99,1),(11485,2022,12,150,1,'',8,141,3),(11500,2022,2,1208,8,'1',19,1180,4),(11500,2022,4,1213,14,'3',10,1186,3),(11500,2022,5,1330,32,'1',44,1253,10),(11500,2022,7,1241,23,'2',35,1181,7),(11500,2022,8,1382,16,'2',20,1344,1),(11501,2022,6,4619,376,'12',44,4187,20),(11517,2022,7,2517,45,'1',69,2402,1),(11522,2022,3,726,5,'1',1,720,1),(11522,2022,4,654,8,'',3,643,7),(11536,2022,9,34,1,'1',1,33,1),(11541,2022,12,2196,1,'1',10,2185,4),(11577,2022,1,732,6,'',27,699,7),(11577,2022,2,674,10,'2',24,638,4),(11577,2022,3,762,18,'',35,709,1),(11577,2022,6,707,26,'3',21,657,3),(11577,2022,8,1306,99,'9',64,1134,28),(11577,2022,11,740,29,'1',31,679,2),(11588,2022,9,38,1,'',1,37,1),(11588,2022,10,55,3,'1',4,47,3),(11593,2022,3,560,4,'1',12,543,7),(11593,2022,4,432,3,'',7,422,1),(11609,2022,7,728,15,'2',21,690,1),(11614,2022,5,165,2,'',7,156,1),(11615,2022,5,1864,117,'1',70,1676,3),(11615,2022,6,1907,45,'',40,1822,1),(11615,2022,7,862,11,'',15,836,7),(11615,2022,9,1347,14,'1',24,1308,1),(11615,2022,12,1978,58,'3',37,1880,3),(11616,2022,1,2146,21,'1',36,2088,9),(11616,2022,2,2017,17,'',23,1977,10),(11616,2022,3,2105,60,'6',36,2003,10),(11616,2022,4,1766,21,'2',31,1712,6),(11616,2022,5,1972,328,'16',40,1588,10),(11616,2022,6,2161,143,'2',88,1928,4),(11616,2022,7,829,25,'',28,776,37),(11616,2022,8,2081,69,'5',65,1942,6),(11616,2022,9,1373,22,'4',50,1297,7),(11616,2022,10,680,40,'1',27,612,5),(11616,2022,11,1481,47,'12',37,1385,5),(11616,2022,12,2393,105,'9',82,2197,53),(11617,2022,5,3186,680,'9',101,2396,21),(11617,2022,6,3249,269,'23',96,2861,7),(11617,2022,7,1331,39,'2',51,1239,26),(11617,2022,8,2954,116,'10',73,2755,4),(11617,2022,9,2151,51,'3',76,2021,10),(11617,2022,10,1158,78,'2',33,1045,8),(11617,2022,11,2336,87,'5',68,2176,5),(11617,2022,12,3600,191,'12',112,3285,63),(11618,2022,4,149,48,'1',8,92,2),(11618,2022,5,2433,523,'18',79,1813,9),(11618,2022,6,2476,194,'10',92,2180,3),(11618,2022,7,956,37,'2',38,879,27),(11618,2022,8,2289,84,'7',67,2131,4),(11618,2022,9,1506,36,'1',42,1427,60),(11618,2022,10,893,71,'1',31,790,40),(11618,2022,11,1586,40,'4',47,1495,4),(11618,2022,12,2751,145,'17',108,2481,195),(11621,2022,10,50,4,'',2,44,1),(11669,2022,2,668,5,'',6,657,1),(11669,2022,3,701,10,'4',12,675,3),(11669,2022,5,680,19,'3',19,658,1),(11669,2022,9,642,14,'1',10,617,1),(11686,2022,4,85,2,'2',1,82,20),(11686,2022,7,33,1,'',1,32,1),(11781,2022,3,10,1,'1',1,9,1),(11849,2022,8,153,3,'',3,150,2),(11849,2022,10,119,3,'',1,115,4),(11849,2022,12,97,1,'',5,91,1),(11855,2022,4,84,1,'',2,81,4),(11855,2022,8,193,4,'',13,176,2),(11884,2022,2,472,1,'',3,468,4),(11884,2022,3,550,5,'',10,535,2),(11884,2022,7,508,4,'',6,498,1),(11884,2022,8,844,11,'1',23,809,5),(11884,2022,11,668,6,'',11,651,3),(11884,2022,12,876,16,'',25,835,4),(11891,2022,10,23,3,'',1,19,2),(11895,2022,6,27,1,'',3,23,2),(11895,2022,7,34,1,'',2,31,1),(11895,2022,9,36,2,'',4,30,1),(11900,2022,1,1770,23,'6',26,1715,4),(11900,2022,2,1652,17,'10',28,1597,8),(11900,2022,3,1668,105,'11',33,1519,26),(11900,2022,4,811,10,'4',18,779,2),(11900,2022,5,1763,22,'18',25,1698,13),(11900,2022,8,567,15,'3',7,542,12),(11900,2022,9,903,5,'6',20,872,3),(11957,2022,8,192,14,'2',10,166,2),(11961,2022,1,112,8,'2',1,101,3),(11961,2022,6,92,9,'',2,81,5),(11962,2022,1,50,3,'1',4,42,1),(11967,2022,5,66,3,'',2,61,8),(11967,2022,7,101,1,'',1,100,1),(11967,2022,11,78,5,'1',2,70,1),(11991,2022,2,184,2,'',1,181,1),(11992,2022,2,336,1,'1',2,333,8),(11992,2022,4,530,3,'',4,523,10),(11992,2022,5,470,7,'',14,449,20),(11992,2022,6,370,2,'1',3,364,7),(11992,2022,7,380,1,'',5,374,9),(11992,2022,9,502,5,'1',7,489,1),(11992,2022,10,613,13,'3',16,581,1),(11992,2022,12,625,52,'',3,570,11),(11994,2022,1,286,3,'1',5,277,18),(11994,2022,2,325,4,'',9,312,17),(11994,2022,3,304,5,'1',14,284,19),(11994,2022,5,236,5,'1',8,222,22),(11994,2022,6,353,7,'',25,321,19),(11994,2022,7,289,1,'',17,271,8),(11994,2022,8,483,13,'1',1,469,1),(11994,2022,9,363,18,'',17,328,8),(11994,2022,10,440,9,'4',25,402,4),(11994,2022,11,270,8,'1',10,251,7),(11994,2022,12,396,11,'',3,382,17),(12003,2022,6,781,1,'',2,778,3),(12003,2022,8,846,1,'',1,845,2),(12003,2022,12,797,3,'',3,794,5),(12005,2022,3,722,3,'',1,718,3),(12005,2022,9,648,1,'',11,636,2),(12005,2022,12,713,1,'1',10,702,2),(12011,2022,1,771,1,'',4,766,21),(12011,2022,2,700,1,'',5,694,20),(12011,2022,10,566,2,'',10,554,2),(12011,2022,11,723,4,'1',21,697,3),(12011,2022,12,736,3,'2',10,721,2),(12012,2022,7,735,2,'',14,719,4),(12014,2022,2,2072,3,'',1,2068,14),(12014,2022,5,2229,1,'',2,2226,24),(12014,2022,6,2176,1,'',1,2175,31),(12014,2022,7,2153,4,'',2,2147,20),(12014,2022,8,2363,2,'',1,2360,36),(12014,2022,9,1592,1,'',1,1591,31),(12014,2022,11,1788,2,'5',3,1778,39),(12014,2022,12,2211,8,'3',4,2196,62),(12022,2022,1,2524,1,'',14,2509,58),(12022,2022,2,2317,4,'',20,2293,47),(12022,2022,3,2215,2,'',12,2201,42),(12022,2022,4,2211,2,'1',16,2192,43),(12022,2022,5,2407,3,'',14,2390,43),(12022,2022,6,2383,2,'2',14,2367,42),(12022,2022,7,2278,2,'',9,2267,36),(12022,2022,8,2470,2,'1',13,2454,48),(12022,2022,9,2002,2,'1',24,1975,35),(12022,2022,10,1377,6,'4',16,1351,27),(12022,2022,11,1922,5,'1',36,1880,28),(12025,2022,1,2262,4,'1',10,2247,129),(12025,2022,2,2338,27,'1',27,2310,84),(12025,2022,3,1907,10,'',20,1877,85),(12025,2022,4,2308,7,'3',10,2288,75),(12025,2022,5,2572,8,'1',18,2545,89),(12025,2022,6,2717,10,'',20,2687,40),(12025,2022,7,2522,11,'2',22,2487,61),(12025,2022,8,2264,5,'1',19,2239,75),(12025,2022,9,1745,13,'1',32,1699,65),(12025,2022,10,1355,12,'1',17,1325,56),(12025,2022,11,2112,27,'9',45,2031,56),(12025,2022,12,2413,58,'2',56,2297,42),(12035,2022,2,2103,3,'',16,2084,2),(12035,2022,4,1854,1,'',10,1843,3),(12035,2022,5,2030,2,'',18,2010,32),(12035,2022,6,2288,4,'',22,2262,29),(12035,2022,7,1985,5,'1',29,1950,23),(12035,2022,8,2212,1,'3',20,2188,7),(12035,2022,9,1591,1,'',35,1555,23),(12035,2022,10,1197,2,'8',17,1170,22),(12035,2022,11,1599,5,'4',25,1565,25),(12035,2022,12,2462,18,'',39,2405,16),(12039,2022,1,3358,21,'',15,3322,72),(12039,2022,2,2672,18,'',42,2612,56),(12039,2022,3,2128,9,'',31,2088,64),(12039,2022,4,2469,12,'1',31,2425,72),(12039,2022,5,3219,4,'',19,3196,76),(12039,2022,6,2971,22,'',41,2908,66),(12039,2022,7,2859,13,'1',38,2807,77),(12039,2022,8,2683,27,'1',45,2610,62),(12039,2022,9,1879,11,'',30,1838,55),(12039,2022,10,1495,12,'2',25,1456,38),(12039,2022,11,2083,24,'5',52,2002,71),(12039,2022,12,3863,169,'5',157,3532,53),(12065,2022,2,2228,21,'1',32,2174,116),(12065,2022,3,2764,2,'1',17,2744,98),(12065,2022,4,2287,4,'',7,2276,74),(12065,2022,5,3066,1,'',16,3049,114),(12065,2022,6,2970,1,'1',18,2951,73),(12065,2022,7,2194,3,'1',28,2162,182),(12065,2022,8,2600,6,'1',43,2550,128),(12065,2022,9,2231,4,'1',19,2207,114),(12065,2022,10,1621,8,'4',12,1597,68),(12065,2022,11,2295,6,'1',28,2260,93),(12065,2022,12,3379,47,'7',58,3267,81),(12067,2022,1,2878,2,'',17,2859,119),(12067,2022,2,2451,19,'',27,2405,116),(12067,2022,3,2654,7,'1',18,2628,226),(12067,2022,4,2454,3,'2',10,2439,150),(12067,2022,5,3297,2,'',10,3285,237),(12067,2022,6,3292,13,'',20,3259,192),(12067,2022,7,3125,7,'2',15,3101,87),(12067,2022,8,3393,7,'4',22,3360,90),(12067,2022,9,3042,7,'1',34,3000,122),(12067,2022,10,2293,2,'3',23,2265,88),(12067,2022,11,3201,8,'2',41,3150,183),(12067,2022,12,3912,96,'5',68,3743,177),(12069,2022,1,806,3,'',14,789,60),(12069,2022,2,668,4,'',19,645,53),(12069,2022,3,709,3,'1',6,699,62),(12111,2022,2,2694,15,'4',44,2631,1),(12111,2022,4,2725,27,'8',64,2626,1),(12111,2022,5,2959,49,'10',74,2826,7),(12111,2022,7,2855,43,'6',81,2725,14),(12121,2022,4,105,1,'',5,99,1),(12125,2022,1,4640,198,'40',16,4386,2),(12125,2022,2,4147,76,'11',50,4010,81),(12125,2022,3,4681,289,'18',132,4242,2),(12125,2022,4,3977,140,'25',84,3728,2),(12125,2022,5,4345,217,'7',120,4001,93),(12125,2022,7,4159,238,'9',86,3826,5),(12125,2022,8,4481,202,'10',73,4196,5),(12125,2022,9,1424,67,'5',17,1335,11),(12125,2022,10,3830,92,'15',50,3673,46),(12125,2022,11,4514,224,'32',48,4210,8),(12129,2022,3,147,9,'',11,127,1),(12129,2022,4,141,3,'',12,126,2),(12129,2022,7,117,2,'',5,110,2),(12129,2022,10,247,18,'',31,198,2),(12129,2022,11,116,12,'1',11,92,1),(12129,2022,12,215,22,'2',22,191,6),(12131,2022,1,319,2,'',5,312,22),(12131,2022,2,304,4,'',9,291,17),(12131,2022,3,320,6,'3',9,302,15),(12131,2022,4,319,6,'1',11,301,9),(12131,2022,5,334,2,'1',15,316,17),(12131,2022,6,306,3,'',14,289,13),(12131,2022,7,330,2,'',7,321,17),(12131,2022,8,369,4,'1',3,361,97),(12131,2022,9,326,9,'',15,302,6),(12131,2022,11,366,4,'1',19,342,6),(12131,2022,12,408,11,'1',17,379,6),(12142,2022,2,3399,110,'6',134,3149,29),(12142,2022,3,3617,321,'13',145,3138,1),(12142,2022,4,3198,171,'14',96,2917,4),(12142,2022,5,3528,242,'10',131,3145,49),(12142,2022,7,3023,230,'6',164,2623,22),(12142,2022,9,1084,85,'13',32,954,8),(12142,2022,10,2970,181,'15',111,2663,15),(12142,2022,11,3511,230,'16',122,3143,5),(12143,2022,1,2127,36,'',15,2076,84),(12143,2022,2,2360,17,'1',18,2324,65),(12143,2022,3,2563,22,'',23,2518,106),(12143,2022,4,2249,64,'7',27,2151,45),(12143,2022,5,2423,23,'3',43,2354,59),(12143,2022,6,2774,79,'',29,2666,28),(12143,2022,7,2794,93,'2',28,2671,20),(12143,2022,8,3201,92,'',49,3060,11),(12143,2022,9,2581,125,'3',62,2391,35),(12143,2022,10,2347,127,'8',85,2127,24),(12143,2022,11,2912,69,'9',94,2740,94),(12143,2022,12,3016,109,'6',69,2832,37),(12148,2022,1,1620,8,'',37,1575,4),(12148,2022,2,1550,2,'1',36,1511,5),(12148,2022,3,1682,10,'',52,1620,4),(12148,2022,4,1568,6,'2',48,1512,4),(12148,2022,5,1715,15,'4',46,1650,5),(12148,2022,6,1622,9,'1',44,1568,3),(12148,2022,7,1661,11,'',42,1608,4),(12148,2022,8,1758,12,'',57,1689,1),(12148,2022,9,1544,20,'2',69,1453,2),(12148,2022,10,1544,21,'1',84,1438,1),(12148,2022,11,1762,12,'4',65,1681,1),(12148,2022,12,1876,41,'',81,1754,4),(12149,2022,3,3719,226,'6',42,3445,1),(12149,2022,6,3249,170,'13',30,3036,1),(12149,2022,7,3203,152,'4',39,3008,12),(12149,2022,8,3545,186,'5',23,3331,1),(12150,2022,2,1940,16,'9',22,1893,1),(12150,2022,5,2104,22,'9',57,2016,14),(12150,2022,7,2015,16,'2',52,1945,20),(12153,2022,1,245,3,'',3,242,1),(12155,2022,1,308,4,'',5,299,1),(12155,2022,4,246,5,'1',13,227,11),(12155,2022,5,298,15,'1',11,271,1),(12157,2022,1,870,3,'',20,847,2),(12157,2022,2,796,5,'',16,775,4),(12157,2022,9,735,4,'1',27,703,1),(12161,2022,1,3669,177,'3',32,3457,1),(12161,2022,2,3182,46,'4',92,3040,41),(12161,2022,5,3802,239,'8',64,3491,22),(12161,2022,7,3618,236,'12',39,3331,5),(12161,2022,8,4087,322,'1',97,3667,1),(12161,2022,9,1208,100,'1',39,1068,2),(12161,2022,10,3099,169,'2',80,2848,5),(12163,2022,1,1282,1,'',3,1278,18),(12163,2022,2,1168,5,'',4,1159,17),(12163,2022,3,1269,2,'',3,1264,23),(12163,2022,4,1162,9,'',5,1148,12),(12163,2022,5,1275,4,'',8,1263,28),(12163,2022,6,1495,11,'',13,1471,43),(12163,2022,7,1613,6,'',20,1587,24),(12163,2022,8,1594,5,'',20,1569,45),(12163,2022,9,1286,2,'1',21,1262,17),(12163,2022,10,1166,8,'',18,1140,18),(12163,2022,11,1324,10,'2',28,1284,34),(12163,2022,12,1695,61,'3',46,1585,23),(12164,2022,1,175,1,'',1,174,4),(12171,2022,1,3770,19,'',8,3743,9),(12171,2022,2,3572,6,'',2,3564,12),(12171,2022,3,3905,9,'1',6,3889,4),(12171,2022,4,3418,34,'',1,3383,3),(12171,2022,5,3769,7,'1',3,3758,19),(12171,2022,6,3733,25,'',3,3705,5),(12171,2022,7,3359,6,'',16,3337,19),(12171,2022,8,3796,44,'3',15,3734,16),(12171,2022,9,3340,25,'',11,3304,6),(12171,2022,10,3088,23,'3',17,3045,11),(12171,2022,11,3675,67,'4',14,3590,9),(12171,2022,12,3829,123,'3',28,3675,7),(12172,2022,1,5528,183,'26',94,5225,9),(12172,2022,2,4939,87,'50',158,4644,74),(12172,2022,3,5902,371,'27',149,5355,2),(12172,2022,4,5138,164,'35',92,4847,12),(12172,2022,5,5509,164,'20',138,5187,89),(12172,2022,6,5279,286,'8',152,4833,5),(12172,2022,7,5239,184,'12',154,4889,46),(12172,2022,8,5614,232,'17',181,5184,3),(12172,2022,9,2903,149,'7',75,2672,3),(12172,2022,10,4627,157,'16',60,4394,53),(12172,2022,11,5311,361,'16',62,4872,17),(12172,2022,12,5516,700,'10',91,4715,5),(12180,2022,1,3404,65,'7',37,3295,1),(12180,2022,3,3189,119,'5',95,2970,2),(12180,2022,4,3047,83,'5',53,2906,48),(12180,2022,5,3226,122,'6',86,3012,2),(12180,2022,7,3148,137,'4',75,2932,23),(12180,2022,8,3211,279,'22',91,2819,170),(12180,2022,9,2980,199,'2',111,2668,1),(12180,2022,10,2867,260,'12',100,2495,13),(12180,2022,11,3360,250,'9',121,2980,16),(12180,2022,12,3551,269,'15',116,3151,43),(12185,2022,3,654,38,'',13,603,1),(12185,2022,9,514,1,'',4,509,11),(12186,2022,1,729,51,'',9,669,3),(12186,2022,2,697,31,'',9,657,1),(12186,2022,4,694,19,'1',9,665,1),(12186,2022,7,722,5,'1',11,705,3),(12188,2022,3,1968,7,'',6,1955,1),(12188,2022,4,1724,6,'1',4,1713,1),(12188,2022,10,933,14,'',15,904,1),(12189,2022,1,403,27,'',7,369,5),(12189,2022,5,429,9,'',8,412,1),(12209,2022,1,1459,16,'',18,1425,25),(12209,2022,2,1358,19,'',24,1315,20),(12209,2022,3,1459,69,'3',51,1336,16),(12209,2022,4,1612,95,'8',48,1461,57),(12209,2022,5,1451,67,'3',37,1344,10),(12209,2022,6,1412,58,'2',41,1311,12),(12209,2022,7,1415,70,'8',47,1290,10),(12209,2022,8,2568,359,'7',60,2142,6),(12209,2022,9,1391,61,'2',66,1262,10),(12209,2022,10,1730,214,'11',74,1431,18),(12209,2022,11,1536,79,'4',75,1378,19),(12209,2022,12,1916,190,'8',74,1644,17),(12220,2022,1,1354,19,'4',23,1308,27),(12220,2022,2,1254,20,'3',44,1187,27),(12220,2022,3,1351,77,'1',56,1217,38),(12220,2022,4,1597,125,'1',56,1415,18),(12220,2022,5,1368,96,'5',57,1210,14),(12220,2022,6,1328,71,'',38,1219,27),(12220,2022,7,1335,90,'4',54,1187,21),(12220,2022,8,1970,323,'6',119,1522,11),(12220,2022,9,1278,92,'3',71,1112,15),(12220,2022,10,1551,243,'4',92,1212,16),(12220,2022,11,1376,124,'2',103,1147,16),(12220,2022,12,1676,175,'7',98,1396,10),(12230,2022,1,1437,36,'3',40,1358,64),(12230,2022,2,1284,20,'4',41,1219,50),(12230,2022,3,1387,79,'7',63,1238,37),(12230,2022,4,1618,133,'5',46,1434,33),(12230,2022,5,1370,76,'10',49,1235,16),(12230,2022,6,1376,68,'3',52,1253,55),(12230,2022,7,1350,91,'8',59,1192,25),(12230,2022,8,1876,242,'7',119,1508,5),(12230,2022,9,1376,121,'5',108,1142,16),(12230,2022,10,1632,262,'7',90,1273,37),(12230,2022,11,1417,118,'',82,1217,34),(12230,2022,12,1782,231,'5',105,1441,42),(12237,2022,1,1085,7,'',33,1045,1),(12237,2022,2,1030,7,'',44,979,9),(12237,2022,3,1126,31,'3',48,1044,38),(12237,2022,4,1197,27,'11',52,1107,46),(12237,2022,5,1159,18,'1',41,1099,24),(12237,2022,6,1109,30,'3',46,1030,33),(12237,2022,7,1129,18,'6',52,1053,21),(12237,2022,8,1075,20,'3',36,1016,178),(12237,2022,9,1134,28,'3',35,1068,33),(12237,2022,10,1257,50,'5',69,1133,32),(12237,2022,12,1466,37,'2',59,1368,98),(12238,2022,2,2474,25,'',74,2375,11),(12238,2022,3,3085,171,'3',75,2836,2),(12238,2022,4,2672,86,'5',58,2523,4),(12238,2022,5,2807,51,'10',67,2679,18),(12238,2022,6,2786,89,'6',59,2632,10),(12238,2022,7,2796,55,'2',69,2670,10),(12238,2022,9,901,70,'1',22,808,3),(12238,2022,10,2449,69,'4',71,2305,5),(12238,2022,11,2974,126,'5',82,2761,7),(12244,2022,4,29,1,'',2,26,2),(12244,2022,7,34,1,'',1,33,1),(12245,2022,2,376,3,'1',7,365,2),(12245,2022,4,363,4,'7',11,341,1),(12260,2022,3,183,14,'',4,165,1),(12260,2022,5,793,58,'4',10,721,4),(12260,2022,7,781,10,'',8,763,3),(12270,2022,1,180,1,'',1,179,5),(12270,2022,4,215,5,'2',4,204,4),(12270,2022,6,168,1,'1',1,167,1),(12270,2022,10,210,7,'1',3,199,1),(12270,2022,12,204,3,'',6,195,2),(12271,2022,1,3377,21,'',2,3354,3),(12271,2022,3,3471,7,'',3,3461,4),(12271,2022,5,3366,1,'',5,3360,22),(12271,2022,6,3294,36,'',3,3255,7),(12271,2022,7,3026,4,'1',4,3021,3),(12271,2022,8,3365,42,'2',7,3314,9),(12271,2022,9,3002,61,'',18,2923,11),(12271,2022,10,2797,28,'1',30,2738,8),(12271,2022,11,3278,75,'1',37,3165,4),(12271,2022,12,3422,204,'3',50,3165,4),(12280,2022,3,1599,40,'',23,1536,14),(12281,2022,1,654,3,'3',14,637,4),(12281,2022,2,592,3,'1',11,577,3),(12281,2022,3,659,6,'3',19,631,1),(12281,2022,5,660,17,'1',20,622,9),(12281,2022,6,635,14,'',20,601,2),(12281,2022,7,645,8,'',13,624,2),(12281,2022,8,979,33,'',47,899,6),(12281,2022,10,736,28,'2',22,684,4),(12281,2022,11,646,8,'2',20,616,6),(12281,2022,12,731,23,'1',30,677,1),(12288,2022,3,281,63,'',21,197,1),(12291,2022,1,2357,22,'1',62,2272,1),(12291,2022,3,2394,60,'6',99,2229,4),(12291,2022,4,2397,84,'11',75,2227,4),(12291,2022,5,2533,81,'9',99,2344,1),(12291,2022,6,2369,51,'3',83,2232,6),(12291,2022,7,2413,49,'8',94,2262,13),(12291,2022,8,2593,64,'4',80,2445,2),(12291,2022,9,2143,54,'3',86,2000,3),(12291,2022,10,2191,124,'9',80,1978,12),(12291,2022,11,2320,43,'1',83,2193,2),(12291,2022,12,2480,77,'7',114,2282,7),(12292,2022,1,2448,29,'3',69,2347,1),(12292,2022,2,2313,34,'2',82,2195,12),(12292,2022,3,2487,87,'6',101,2293,13),(12292,2022,4,2708,114,'6',119,2469,81),(12292,2022,5,2601,56,'9',119,2417,5),(12292,2022,6,2490,109,'13',119,2249,6),(12292,2022,7,2451,65,'13',104,2269,27),(12292,2022,8,2670,67,'4',114,2485,15),(12292,2022,9,2225,85,'7',105,2028,21),(12292,2022,10,2324,134,'9',115,2066,37),(12292,2022,11,2365,57,'6',104,2198,19),(12292,2022,12,2790,186,'9',116,2479,48),(12293,2022,2,2186,19,'7',77,2083,5),(12293,2022,3,2331,51,'3',111,2166,6),(12293,2022,4,2300,91,'7',95,2107,6),(12293,2022,6,2303,55,'4',80,2164,8),(12293,2022,7,2309,42,'2',84,2181,22),(12293,2022,8,2480,30,'5',70,2375,3),(12293,2022,9,2133,49,'11',93,1980,5),(12293,2022,10,2211,122,'6',81,2002,18),(12293,2022,11,2310,46,'1',80,2183,19),(12293,2022,12,2462,93,'3',92,2274,34),(12294,2022,2,1583,8,'6',48,1521,5),(12294,2022,3,1684,34,'6',83,1561,1),(12294,2022,4,1654,41,'9',84,1520,3),(12294,2022,6,1635,29,'6',105,1495,1),(12294,2022,7,1679,54,'5',91,1529,10),(12294,2022,9,1567,49,'6',81,1431,5),(12294,2022,10,1597,61,'2',74,1460,8),(12294,2022,11,1704,57,'8',86,1553,13),(12294,2022,12,1878,66,'4',95,1713,14),(12295,2022,12,46,1,'',2,43,1),(12300,2022,3,154,5,'',3,146,113),(12300,2022,4,317,28,'6',10,273,38),(12300,2022,5,109,2,'',8,99,122),(12300,2022,6,199,17,'4',6,172,5),(12300,2022,7,100,1,'',5,94,21),(12300,2022,8,111,1,'1',6,104,12),(12300,2022,10,146,5,'',12,129,10),(12300,2022,11,104,2,'',8,94,10),(12300,2022,12,104,2,'',11,91,68),(12301,2022,6,2794,39,'',6,2749,1),(12302,2022,11,270,5,'3',3,262,1),(12304,2022,2,538,7,'',14,517,2),(12304,2022,3,603,23,'',26,554,1),(12304,2022,4,860,38,'6',31,785,2),(12304,2022,6,573,7,'2',20,544,2),(12304,2022,8,1671,97,'13',57,1504,1),(12304,2022,9,496,6,'',11,479,1),(12304,2022,10,668,65,'2',30,571,4),(12304,2022,11,596,16,'1',28,551,10),(12304,2022,12,852,29,'3',47,773,3),(12305,2022,1,264,3,'',2,259,1),(12308,2022,8,837,56,'4',18,759,242),(12308,2022,10,154,14,'',7,133,2),(12308,2022,11,88,6,'1',17,64,66),(12318,2022,8,53,3,'',2,48,1),(12318,2022,9,91,13,'',8,70,2),(12318,2022,10,329,37,'1',19,272,4),(12318,2022,11,64,11,'',6,47,1),(12323,2022,1,218,1,'',2,215,14),(12323,2022,5,220,3,'1',2,214,9),(12323,2022,6,209,1,'',1,208,8),(12323,2022,11,210,1,'',3,206,8),(12323,2022,12,209,1,'',1,208,5),(12328,2022,7,13,2,'',2,11,5),(12328,2022,8,57,5,'',2,50,2),(12328,2022,9,97,11,'',10,76,1),(12328,2022,10,330,61,'2',22,245,7),(12328,2022,11,60,13,'',8,39,2),(12328,2022,12,336,26,'',26,310,1),(12336,2022,12,16,1,'',1,15,1),(12338,2022,7,13,1,'1',1,12,5),(12338,2022,8,53,11,'1',2,39,1),(12338,2022,9,96,2,'',10,84,1),(12338,2022,10,344,68,'',18,258,8),(12338,2022,11,64,8,'',5,51,1),(12348,2022,2,793,10,'',21,762,1),(12350,2022,8,1120,31,'',18,1071,2),(12356,2022,2,272,5,'',22,245,1),(12356,2022,3,294,15,'',17,262,1),(12361,2022,8,283,3,'',4,276,1),(12361,2022,9,231,1,'',1,230,6),(12361,2022,10,214,1,'',1,213,6),(12364,2022,5,694,1,'1',2,691,4),(12377,2022,1,1383,81,'1',33,1268,1),(12408,2022,1,464,1,'',3,460,1),(12408,2022,2,431,1,'',2,428,8),(12408,2022,3,529,3,'',6,520,10),(12408,2022,4,564,1,'1',2,561,10),(12408,2022,7,610,1,'',3,606,10),(12408,2022,9,548,4,'',4,544,39),(12408,2022,10,562,3,'1',15,543,23),(12408,2022,11,650,3,'1',20,626,34),(12408,2022,12,758,15,'2',17,724,26),(12411,2022,1,1460,6,'3',17,1434,1),(12411,2022,2,1356,7,'3',11,1335,20),(12411,2022,6,1336,6,'',16,1314,1),(12411,2022,7,1253,19,'',16,1218,4),(12411,2022,9,1099,8,'3',12,1076,5),(12411,2022,10,1124,9,'',24,1091,8),(12450,2022,4,1396,1,'',3,1392,4),(12450,2022,5,1359,1,'',2,1356,1),(12450,2022,8,2557,124,'1',24,2408,5),(12474,2022,1,214,8,'',18,188,16),(12474,2022,2,188,7,'1',13,167,16),(12474,2022,3,215,15,'',5,195,8),(12474,2022,11,239,4,'1',22,212,2),(12498,2022,4,132,1,'',2,129,1),(12531,2022,1,3579,9,'2',57,3511,13),(12580,2022,7,50,2,'',1,47,18),(12580,2022,8,324,7,'2',21,294,115),(12592,2022,1,253,12,'1',13,227,5),(12592,2022,3,268,1,'1',9,258,2),(12592,2022,4,373,1,'',4,368,1),(12594,2022,3,782,2,'',21,759,5),(12600,2022,5,2353,386,'12',54,1901,2),(12600,2022,6,2384,117,'6',68,2193,1),(12600,2022,7,2105,43,'1',67,1994,24),(12600,2022,8,2530,72,'3',58,2397,2),(12600,2022,10,825,39,'1',32,753,7),(12600,2022,11,1808,26,'1',53,1728,2),(12600,2022,12,2742,75,'1',71,2595,36),(12619,2022,12,424,1,'',5,418,1),(12620,2022,5,1471,86,'2',24,1359,2),(12620,2022,6,1452,25,'2',21,1404,1),(12620,2022,7,581,4,'',10,567,1),(12626,2022,5,1542,384,'5',53,1100,2),(12626,2022,6,1575,79,'4',49,1443,1),(12626,2022,7,654,16,'1',12,625,7),(12626,2022,9,1060,11,'1',25,1023,1),(12630,2022,10,161,6,'',5,150,2),(12630,2022,11,375,1,'',8,366,1),(12704,2022,1,1665,1,'',2,1662,42),(12704,2022,2,1538,1,'',3,1534,25),(12704,2022,3,1661,1,'',6,1654,36),(12704,2022,4,1439,1,'1',3,1435,38),(12704,2022,5,1635,5,'1',9,1620,28),(12704,2022,6,1596,1,'',4,1591,38),(12704,2022,7,1142,1,'',1,1141,38),(12704,2022,8,1748,2,'',4,1742,41),(12704,2022,11,1480,2,'',22,1456,3),(12704,2022,12,1617,7,'1',13,1596,2),(12850,2022,8,227,20,'1',5,201,16),(12905,2022,6,300,5,'',3,292,1),(12905,2022,10,271,7,'1',7,263,1),(12912,2022,10,247,1,'1',5,241,1),(12983,2022,4,78,7,'',1,70,1),(12983,2022,9,74,2,'',3,69,4),(12983,2022,12,111,9,'',2,100,3),(12993,2022,2,174,1,'',3,170,4),(12993,2022,4,232,1,'',2,229,1),(12993,2022,6,207,8,'',3,196,2),(12993,2022,9,226,3,'',1,222,5),(12993,2022,12,240,2,'1',2,237,2),(13004,2022,7,779,1,'',2,776,4),(13004,2022,9,723,2,'',6,715,11),(13004,2022,10,685,2,'',8,675,4),(13004,2022,11,813,4,'',5,804,3),(13004,2022,12,800,1,'',4,795,2),(13007,2022,1,2537,7,'',1,2529,11),(13007,2022,2,2335,4,'1',3,2327,17),(13007,2022,3,2546,6,'',2,2538,25),(13007,2022,5,2535,5,'',2,2528,28),(13007,2022,6,2469,3,'',3,2466,30),(13007,2022,7,2448,6,'1',4,2437,19),(13007,2022,8,2680,5,'',3,2672,15),(13007,2022,9,1865,2,'',8,1855,3),(13007,2022,10,1990,2,'2',9,1979,3),(13007,2022,11,2012,5,'1',4,2002,12),(13007,2022,12,2474,18,'1',5,2450,6),(13008,2022,11,358,1,'1',6,351,2),(13011,2022,11,641,2,'',1,638,2),(13012,2022,1,1581,1,'',1,1580,52),(13012,2022,2,1445,1,'',1,1444,25),(13012,2022,3,1577,1,'1',2,1574,45),(13012,2022,5,1546,1,'',2,1543,39),(13012,2022,7,1488,2,'1',1,1485,45),(13012,2022,8,1634,2,'1',2,1631,21),(13012,2022,11,1043,5,'2',8,1028,50),(13012,2022,12,1533,7,'',6,1520,42),(13014,2022,2,2494,2,'2',4,2488,43),(13014,2022,3,2728,4,'',10,2714,23),(13014,2022,4,2472,23,'2',7,2440,12),(13014,2022,5,2613,9,'',10,2594,22),(13014,2022,6,2246,31,'',9,2206,18),(13014,2022,7,1907,25,'1',22,1859,30),(13014,2022,8,1491,15,'1',10,1465,12),(13014,2022,9,1412,6,'',24,1382,4),(13014,2022,10,1474,8,'1',32,1433,12),(13014,2022,11,1459,7,'1',23,1428,13),(13014,2022,12,2592,158,'7',51,2376,2),(13015,2022,6,952,2,'',2,950,2),(13015,2022,7,970,1,'',2,967,2),(13015,2022,11,921,5,'',2,914,19),(13015,2022,12,972,3,'2',5,962,11),(13016,2022,1,1537,1,'',11,1525,20),(13016,2022,2,1361,1,'',34,1326,18),(13016,2022,9,1196,4,'',28,1164,3),(13025,2022,1,344,28,'',1,315,1),(13025,2022,8,1818,15,'',15,1803,8),(13026,2022,1,2567,9,'',9,2558,72),(13026,2022,2,2764,2,'',9,2753,67),(13026,2022,3,3005,6,'1',8,2990,51),(13026,2022,4,2694,33,'1',15,2645,38),(13026,2022,5,2965,13,'',17,2935,77),(13026,2022,6,2871,37,'',16,2818,58),(13026,2022,7,2956,17,'',17,2939,89),(13026,2022,8,3198,8,'',12,3178,76),(13026,2022,9,2731,38,'2',35,2656,49),(13026,2022,10,2589,47,'10',49,2483,38),(13026,2022,11,2981,47,'2',40,2892,55),(13026,2022,12,3056,128,'3',56,2869,56),(13027,2022,1,3085,8,'2',4,3071,10),(13027,2022,2,3329,7,'1',5,3316,5),(13027,2022,3,3370,4,'1',7,3358,4),(13027,2022,4,3093,5,'1',3,3084,4),(13027,2022,6,3038,19,'',15,3004,2),(13027,2022,7,1900,30,'1',30,1869,2),(13027,2022,8,1862,14,'6',23,1819,1),(13027,2022,9,2795,9,'',10,2776,3),(13027,2022,10,2321,10,'4',11,2296,1),(13027,2022,11,3096,6,'5',27,3058,4),(13027,2022,12,3484,25,'2',25,3457,20),(13033,2022,1,3093,4,'2',12,3075,56),(13033,2022,2,2437,8,'3',15,2411,59),(13033,2022,3,2913,5,'1',16,2891,40),(13033,2022,4,2613,3,'2',8,2600,44),(13033,2022,5,3020,9,'1',9,3010,41),(13033,2022,6,2789,25,'',29,2735,23),(13033,2022,7,2262,23,'1',28,2210,3),(13033,2022,8,2095,16,'3',21,2055,4),(13033,2022,9,1774,13,'4',24,1733,1),(13036,2022,9,734,16,'',25,693,3),(13036,2022,12,1761,79,'7',84,1591,1),(13039,2022,2,2867,54,'3',102,2708,20),(13039,2022,3,3199,185,'15',131,2868,1),(13039,2022,5,2985,77,'20',91,2797,7),(13039,2022,9,941,27,'',31,883,4),(13039,2022,11,3002,93,'5',81,2823,1),(13042,2022,6,1031,2,'',17,1012,5),(13045,2022,1,1672,4,'1',7,1660,22),(13045,2022,2,1607,9,'',17,1581,51),(13045,2022,3,1597,7,'',16,1574,67),(13045,2022,4,1516,7,'',12,1497,72),(13045,2022,5,1777,4,'',12,1761,81),(13045,2022,6,1753,6,'',19,1728,83),(13045,2022,7,1532,1,'1',12,1519,61),(13045,2022,8,1464,6,'1',19,1438,46),(13045,2022,9,1261,14,'1',24,1222,54),(13045,2022,10,900,3,'5',24,868,94),(13045,2022,11,1489,10,'6',47,1426,130),(13045,2022,12,1569,36,'2',51,1480,95),(13052,2022,2,2544,15,'',36,2493,2),(13052,2022,4,2662,2,'1',5,2654,43),(13052,2022,6,3385,3,'1',11,3370,82),(13052,2022,7,2704,3,'2',22,2677,162),(13052,2022,8,3252,16,'1',12,3223,177),(13052,2022,9,2672,4,'',15,2653,60),(13052,2022,10,2108,4,'',13,2091,22),(13052,2022,11,2717,3,'5',33,2676,37),(13052,2022,12,3459,23,'5',43,3388,56),(13054,2022,1,1458,6,'1',13,1438,18),(13054,2022,2,1380,3,'1',25,1351,18),(13054,2022,3,1441,1,'',15,1425,18),(13054,2022,5,1709,3,'2',7,1697,29),(13054,2022,6,2038,12,'',6,2020,46),(13054,2022,7,2162,2,'1',14,2145,35),(13054,2022,8,1849,16,'',16,1833,24),(13054,2022,9,1745,8,'',14,1723,7),(13054,2022,10,1554,7,'1',18,1528,22),(13054,2022,11,2004,8,'2',19,1975,45),(13054,2022,12,2647,24,'2',36,2585,32),(13059,2022,1,2376,21,'1',23,2331,46),(13059,2022,2,2328,29,'',44,2255,24),(13059,2022,3,2443,23,'1',35,2384,12),(13059,2022,4,2105,18,'',17,2070,48),(13059,2022,5,3161,8,'2',21,3130,57),(13059,2022,6,2589,21,'1',17,2550,60),(13059,2022,7,2903,19,'1',27,2856,43),(13059,2022,8,2227,16,'2',35,2174,22),(13059,2022,9,1426,34,'1',37,1354,46),(13059,2022,10,977,53,'2',29,893,21),(13059,2022,11,1515,79,'6',61,1369,13),(13059,2022,12,3773,134,'5',124,3510,19),(13064,2022,1,2980,2,'1',24,2953,45),(13064,2022,2,2361,25,'1',39,2296,60),(13064,2022,3,2871,4,'2',17,2848,109),(13064,2022,4,2580,2,'',8,2570,38),(13064,2022,6,3036,1,'',20,3015,43),(13064,2022,7,2624,5,'1',16,2602,69),(13064,2022,8,2857,9,'',27,2821,106),(13064,2022,9,2381,4,'',18,2359,62),(13064,2022,10,2080,2,'3',16,2059,38),(13064,2022,11,2960,7,'8',35,2910,60),(13064,2022,12,3448,32,'2',63,3351,64),(13067,2022,2,4813,86,'8',33,4686,18),(13067,2022,4,4711,143,'10',40,4518,2),(13067,2022,5,5004,134,'10',60,4800,32),(13067,2022,6,4816,149,'7',53,4607,4),(13067,2022,7,4690,152,'8',80,4450,17),(13067,2022,8,4987,99,'9',55,4824,3),(13067,2022,9,1586,76,'4',34,1472,4),(13067,2022,10,4202,154,'4',72,3972,14),(13067,2022,11,4868,452,'12',122,4282,3),(13068,2022,1,3290,32,'2',11,3245,39),(13068,2022,2,3331,45,'1',8,3277,20),(13068,2022,3,3083,20,'',7,3056,55),(13068,2022,4,2674,15,'3',8,2648,17),(13068,2022,5,3710,7,'3',8,3692,39),(13068,2022,6,3770,22,'1',16,3731,43),(13068,2022,7,2976,15,'3',13,2945,56),(13068,2022,8,2856,21,'',21,2835,67),(13068,2022,9,2351,11,'',16,2324,24),(13068,2022,10,2155,20,'1',16,2118,45),(13068,2022,11,2786,32,'4',14,2736,28),(13068,2022,12,5299,114,'3',33,5149,31),(13104,2022,1,3292,205,'5',82,3000,4),(13104,2022,2,2887,68,'5',88,2726,12),(13104,2022,3,3611,470,'14',102,3025,1),(13104,2022,4,3095,289,'16',60,2730,4),(13104,2022,5,3504,227,'13',77,3187,23),(13104,2022,6,3458,241,'7',61,3149,3),(13104,2022,9,3124,260,'4',92,2768,4),(13104,2022,10,3007,193,'6',81,2727,20),(13104,2022,11,3559,320,'12',114,3113,2),(13110,2022,8,773,2,'',6,765,7),(13111,2022,7,2820,14,'',16,2790,2),(13111,2022,8,3141,23,'',19,3099,3),(13111,2022,9,2552,23,'1',32,2496,17),(13111,2022,10,2626,28,'',36,2562,16),(13111,2022,11,2619,30,'2',38,2549,22),(13111,2022,12,3036,51,'1',42,2942,20),(13112,2022,1,3532,2,'',12,3518,26),(13112,2022,2,3248,5,'',14,3229,39),(13112,2022,3,3525,10,'',12,3503,56),(13112,2022,4,3207,5,'',17,3185,45),(13112,2022,5,3382,9,'1',24,3348,8),(13112,2022,6,3371,29,'1',14,3327,8),(13112,2022,7,3239,25,'1',16,3197,16),(13112,2022,8,3587,33,'',12,3542,25),(13112,2022,9,3031,29,'1',31,2970,14),(13112,2022,10,3008,39,'1',48,2920,31),(13112,2022,11,3124,37,'2',71,3014,20),(13112,2022,12,3388,62,'',70,3256,12),(13132,2022,3,475,9,'',6,460,1),(13132,2022,4,455,9,'1',15,430,2),(13132,2022,6,463,4,'',17,442,1),(13132,2022,7,487,3,'1',16,467,1),(13132,2022,8,569,7,'',17,545,68),(13132,2022,11,476,3,'',16,457,3),(13132,2022,12,522,10,'1',27,484,9),(13133,2022,1,674,9,'2',18,645,5),(13133,2022,2,634,2,'',13,619,10),(13133,2022,3,711,11,'1',20,679,10),(13133,2022,4,773,24,'4',23,722,13),(13133,2022,6,685,17,'1',33,634,2),(13133,2022,7,733,19,'',35,679,6),(13133,2022,8,936,26,'3',43,864,94),(13133,2022,9,727,14,'1',24,688,1),(13133,2022,10,880,32,'1',49,798,1),(13133,2022,11,776,16,'1',28,731,1),(13133,2022,12,890,18,'6',42,824,21),(13138,2022,2,1354,5,'3',19,1327,10),(13138,2022,4,1338,15,'4',17,1302,2),(13138,2022,5,1417,30,'',57,1330,22),(13138,2022,10,1222,18,'2',40,1162,12),(13146,2022,2,1461,3,'',8,1450,2),(13146,2022,3,1586,16,'',19,1551,1),(13146,2022,6,1518,25,'',17,1476,2),(13146,2022,7,1562,35,'1',27,1499,1),(13146,2022,8,1658,39,'',43,1576,2),(13146,2022,9,1355,64,'1',41,1249,15),(13146,2022,11,1492,68,'1',51,1372,4),(13149,2022,1,146,4,'1',13,128,1),(13149,2022,2,108,2,'',9,97,6),(13149,2022,3,155,8,'1',15,131,2),(13149,2022,4,153,11,'1',12,129,3),(13149,2022,6,117,8,'',14,95,1),(13149,2022,7,122,4,'',12,106,3),(13149,2022,9,191,23,'',32,136,2),(13149,2022,10,271,33,'2',24,212,2),(13149,2022,12,260,18,'',23,219,12),(13156,2022,2,600,4,'1',7,588,1),(13156,2022,4,522,16,'',17,489,1),(13156,2022,5,609,41,'',29,539,1),(13156,2022,7,603,35,'1',23,544,1),(13156,2022,12,630,16,'1',23,590,1),(13159,2022,1,535,1,'',8,526,1),(13159,2022,2,480,9,'1',21,449,1),(13159,2022,3,522,15,'1',28,478,18),(13161,2022,7,383,1,'',3,379,1),(13162,2022,7,630,2,'3',5,620,1),(13166,2022,2,1521,26,'2',48,1445,3),(13166,2022,5,1643,27,'6',20,1590,17),(13166,2022,11,1662,46,'11',41,1564,5),(13167,2022,5,2163,41,'3',55,2064,1),(13173,2022,1,2335,17,'1',1,2317,56),(13173,2022,2,2140,6,'',9,2125,73),(13173,2022,3,2315,12,'1',17,2285,83),(13173,2022,4,2090,8,'1',5,2076,52),(13173,2022,5,2290,6,'1',7,2276,68),(13173,2022,6,2050,35,'',11,2004,49),(13173,2022,7,1914,11,'',17,1886,47),(13173,2022,8,1891,8,'',11,1872,51),(13173,2022,9,1499,10,'',21,1468,41),(13173,2022,10,1166,4,'',22,1140,47),(13173,2022,11,1369,11,'1',23,1334,50),(13173,2022,12,2191,142,'2',37,2010,49),(13193,2022,1,1916,18,'1',11,1886,32),(13193,2022,2,1775,6,'1',17,1751,28),(13193,2022,3,1950,10,'',27,1913,20),(13193,2022,4,1659,20,'',10,1629,26),(13193,2022,5,1870,18,'3',17,1832,29),(13193,2022,6,2067,37,'',21,2009,20),(13193,2022,7,1676,36,'1',23,1616,10),(13193,2022,8,1698,14,'',19,1665,4),(13193,2022,9,1251,9,'',20,1222,40),(13193,2022,10,1039,6,'',11,1022,35),(13193,2022,11,1384,3,'1',27,1353,35),(13193,2022,12,2327,203,'5',44,2075,13),(13215,2022,3,33,2,'',3,28,1),(13215,2022,6,32,1,'',3,28,2),(13215,2022,7,34,2,'',3,29,1),(13215,2022,10,105,10,'1',7,87,2),(13221,2022,10,79,3,'',10,66,1),(13230,2022,5,25,1,'',1,24,1),(13239,2022,9,557,1,'1',16,540,3),(13239,2022,11,682,7,'1',16,658,3),(13245,2022,3,1837,18,'1',58,1760,7),(13245,2022,4,1691,29,'2',52,1608,6),(13245,2022,5,1894,26,'3',62,1803,6),(13245,2022,6,1818,35,'',52,1731,6),(13245,2022,7,1808,37,'1',66,1704,13),(13245,2022,9,1678,46,'3',86,1543,7),(13245,2022,10,1603,49,'',96,1458,10),(13245,2022,11,1908,51,'4',76,1777,1),(13245,2022,12,1949,50,'1',83,1815,6),(13247,2022,2,1641,23,'1',24,1593,14),(13247,2022,4,1593,47,'3',35,1508,2),(13247,2022,5,1766,111,'2',59,1594,4),(13247,2022,7,1668,61,'2',44,1561,8),(13247,2022,8,1847,37,'3',26,1781,2),(13247,2022,9,1532,32,'2',58,1440,14),(13247,2022,10,1410,25,'',58,1327,1),(13247,2022,11,1748,23,'4',71,1650,6),(13247,2022,12,1704,32,'1',74,1597,2),(13250,2022,8,1329,15,'1',11,1302,1),(13250,2022,9,1228,1,'',6,1221,10),(13250,2022,10,1164,6,'',15,1143,5),(13250,2022,12,1344,3,'',2,1339,28),(13290,2022,1,2727,28,'4',57,2638,3),(13290,2022,2,2603,22,'2',96,2483,17),(13290,2022,3,2792,75,'3',123,2591,6),(13290,2022,4,2945,100,'5',129,2711,72),(13290,2022,5,2916,55,'13',114,2734,8),(13290,2022,6,2812,90,'7',119,2596,7),(13290,2022,7,2754,56,'3',139,2556,20),(13290,2022,8,2854,84,'3',109,2658,13),(13290,2022,9,2475,54,'4',97,2320,15),(13290,2022,10,2493,114,'5',106,2268,21),(13290,2022,11,2705,49,'5',110,2541,21),(13290,2022,12,2996,104,'5',113,2774,36),(13301,2022,3,69,8,'1',2,58,1),(13301,2022,4,507,50,'14',8,435,87),(13331,2022,10,36,3,'',3,33,1),(13332,2022,12,17,2,'',8,7,1),(13361,2022,7,403,14,'',13,376,3),(13362,2022,7,541,26,'',17,498,2),(13362,2022,8,590,29,'',30,531,1),(13385,2022,2,44,1,'',3,40,2),(13385,2022,3,52,2,'',2,50,1),(13385,2022,6,41,1,'',5,35,2),(13385,2022,10,76,3,'',7,66,4),(13387,2022,10,43,1,'',3,39,1),(13400,2022,1,2391,22,'5',12,2352,7),(13400,2022,2,2190,22,'4',19,2145,5),(13400,2022,3,2316,63,'9',37,2207,8),(13400,2022,4,2156,73,'2',22,2059,12),(13400,2022,5,2320,32,'5',40,2243,20),(13400,2022,6,2221,28,'3',23,2167,15),(13400,2022,10,1863,31,'6',39,1787,6),(13400,2022,12,2404,83,'5',47,2269,5),(13413,2022,4,215,1,'1',5,209,2),(13416,2022,6,1032,4,'2',16,1010,4),(13416,2022,7,1275,9,'2',22,1242,5),(13416,2022,8,1277,17,'7',20,1233,1),(13416,2022,9,1138,10,'4',21,1103,3),(13416,2022,10,1219,16,'7',24,1172,5),(13416,2022,12,1598,66,'5',66,1527,7),(13452,2022,8,450,36,'12',9,393,3),(13586,2022,1,852,96,'',5,751,3),(13586,2022,2,829,61,'',12,756,1),(13586,2022,7,723,3,'1',9,710,2),(14009,2022,6,1922,11,'2',30,1879,4),(14009,2022,7,1957,8,'3',25,1921,5),(14010,2022,1,2181,1,'',11,2169,2),(14010,2022,2,1914,8,'',27,1879,2),(14010,2022,3,2063,3,'',22,2038,1),(14010,2022,5,2096,4,'1',23,2068,4),(14010,2022,6,2230,5,'3',26,2196,15),(14010,2022,7,2191,1,'',9,2181,12),(14010,2022,8,2345,3,'',11,2331,2),(14010,2022,9,1733,3,'',33,1697,11),(14010,2022,12,2370,10,'1',54,2305,1),(14020,2022,2,1876,4,'1',7,1864,1),(14020,2022,4,1838,23,'1',15,1799,3),(14020,2022,7,1808,22,'',25,1761,7),(14020,2022,8,1434,14,'',19,1401,4),(14020,2022,10,1219,3,'1',25,1190,7),(14020,2022,11,1476,7,'2',29,1438,2),(14023,2022,7,1451,14,'5',16,1416,1),(14024,2022,1,2923,6,'',3,2914,3),(14024,2022,2,2758,7,'',6,2745,2),(14024,2022,3,2730,5,'',3,2722,3),(14024,2022,9,2425,3,'3',8,2414,2),(14024,2022,12,3063,20,'',19,3024,4),(14026,2022,7,2497,125,'7',75,2290,6),(14031,2022,8,1177,18,'1',7,1151,1),(14031,2022,9,924,7,'',14,903,3),(14032,2022,1,3201,6,'1',17,3177,55),(14032,2022,2,2891,8,'1',18,2864,25),(14032,2022,3,2911,3,'2',14,2892,25),(14032,2022,4,2507,2,'1',10,2494,47),(14032,2022,5,3104,2,'2',23,3079,39),(14032,2022,6,881,3,'1',4,873,11),(14036,2022,12,311,1,'',1,310,8),(14041,2022,2,2396,39,'4',58,2295,18),(14041,2022,5,2419,32,'30',49,2308,10),(14041,2022,7,2300,75,'3',43,2179,9),(14041,2022,10,2017,72,'9',62,1874,23),(14041,2022,11,2405,103,'6',58,2238,6),(14045,2022,2,2449,54,'8',77,2310,9),(14045,2022,5,2877,125,'6',97,2649,16),(14045,2022,7,2694,78,'7',37,2572,4),(14045,2022,10,2454,110,'3',79,2262,6),(14047,2022,1,780,3,'',5,772,22),(14047,2022,3,772,1,'1',8,763,22),(14047,2022,4,698,3,'',7,688,19),(14047,2022,5,806,3,'',6,797,22),(14047,2022,6,744,3,'',19,722,16),(14047,2022,8,726,1,'',3,722,24),(14047,2022,9,677,3,'1',3,673,29),(14047,2022,12,754,4,'',4,750,55),(14048,2022,1,2427,6,'1',4,2416,44),(14048,2022,2,2208,6,'2',5,2195,64),(14048,2022,3,2398,7,'',3,2388,75),(14048,2022,4,2189,1,'1',3,2185,55),(14048,2022,5,2379,4,'',4,2375,52),(14048,2022,6,2291,3,'',5,2283,48),(14048,2022,7,2353,3,'1',2,2347,28),(14048,2022,8,2504,26,'',10,2468,22),(14048,2022,9,2136,11,'',17,2108,19),(14048,2022,10,2021,15,'2',10,1994,17),(14048,2022,11,2387,23,'1',12,2351,18),(14048,2022,12,2354,25,'3',21,2305,17),(14051,2022,7,122,2,'',4,116,1),(14065,2022,5,2763,202,'6',108,2447,4),(14065,2022,7,2623,235,'9',86,2293,5),(14065,2022,10,2330,190,'3',88,2049,5),(14065,2022,11,2841,383,'8',118,2332,2),(14068,2022,7,3573,578,'5',77,2913,6),(14128,2022,2,654,6,'',10,638,6),(14128,2022,8,755,7,'',19,729,1),(14136,2022,2,436,1,'',17,418,1),(14136,2022,8,365,1,'',16,348,3),(14137,2022,5,1218,3,'',6,1209,7),(14139,2022,1,1262,2,'',23,1237,3),(14139,2022,2,1224,3,'1',28,1192,1),(14139,2022,3,1294,19,'1',29,1245,114),(14139,2022,7,1296,9,'1',48,1238,1),(14139,2022,8,1561,18,'2',53,1488,150),(14139,2022,9,1132,19,'1',47,1065,4),(14139,2022,10,1156,30,'2',68,1056,8),(14139,2022,11,1340,22,'2',58,1258,6),(14139,2022,12,1300,29,'7',60,1204,9),(14153,2022,5,23,2,'1',2,20,1),(14170,2022,11,1242,3,'',21,1218,2),(14170,2022,12,1161,11,'1',18,1131,5),(14190,2022,1,2068,13,'',1,2054,19),(14190,2022,2,1880,8,'',4,1868,30),(14190,2022,3,2053,13,'',12,2028,16),(14190,2022,4,1758,5,'',7,1746,19),(14190,2022,5,1960,10,'1',9,1940,33),(14190,2022,6,2091,35,'',8,2048,19),(14190,2022,7,1925,24,'1',20,1880,24),(14190,2022,8,1918,17,'1',21,1879,6),(14190,2022,9,1455,8,'',15,1432,31),(14190,2022,10,1000,2,'',6,992,31),(14190,2022,11,1523,15,'3',14,1491,51),(14190,2022,12,2639,168,'3',30,2438,49),(14226,2022,1,1843,14,'',23,1806,4),(14226,2022,2,1763,7,'3',35,1718,2),(14226,2022,3,1886,31,'6',80,1769,7),(14226,2022,4,1742,19,'6',51,1666,9),(14226,2022,5,1957,29,'4',80,1844,4),(14226,2022,6,1845,34,'5',43,1763,19),(14226,2022,7,1885,34,'8',62,1781,11),(14226,2022,8,2716,97,'8',94,2517,9),(14226,2022,9,1958,60,'6',79,1813,16),(14226,2022,10,2199,78,'11',98,2012,17),(14226,2022,11,2096,45,'7',77,1967,4),(14226,2022,12,2404,110,'9',97,2188,12),(14267,2022,2,1395,26,'6',22,1341,11),(14267,2022,5,1464,35,'1',22,1406,15),(14267,2022,10,1277,35,'3',65,1174,1),(14276,2022,6,940,33,'',43,864,4),(14276,2022,7,1103,26,'1',24,1052,5),(14276,2022,8,1234,5,'',24,1205,10),(14276,2022,9,1116,19,'',42,1055,16),(14276,2022,10,957,30,'2',42,883,5),(14276,2022,11,1302,18,'3',54,1227,5),(14276,2022,12,1302,70,'2',49,1181,1),(14296,2022,6,282,77,'2',1,202,6),(14330,2022,1,1996,10,'1',19,1966,65),(14330,2022,2,1816,3,'2',23,1788,60),(14330,2022,3,1957,7,'1',22,1927,70),(14330,2022,4,1754,18,'2',20,1714,67),(14330,2022,5,1980,38,'3',22,1917,69),(14330,2022,6,1859,32,'2',24,1801,43),(14330,2022,7,1998,9,'3',10,1976,69),(14330,2022,8,1833,13,'',25,1795,78),(14330,2022,9,1384,12,'1',36,1335,120),(14330,2022,10,1374,5,'1',27,1341,65),(14330,2022,11,1573,2,'',25,1546,203),(14330,2022,12,1551,8,'',10,1533,214),(14352,2022,8,612,16,'1',22,573,1),(14365,2022,7,435,13,'',9,413,6),(14382,2022,7,688,17,'',13,658,2),(14384,2022,2,686,8,'',13,665,1),(14384,2022,3,805,29,'',28,748,24),(14384,2022,7,808,10,'6',10,792,2),(14384,2022,8,1064,15,'1',26,1022,2),(14384,2022,9,977,8,'',41,928,4),(14386,2022,4,317,23,'',7,287,6),(14506,2022,1,2044,7,'2',45,1990,15),(14598,2022,3,84,1,'1',1,83,3),(14598,2022,4,132,2,'',2,130,1),(14856,2022,1,106,1,'2',1,103,3),(14856,2022,3,135,1,'',2,132,18),(14856,2022,4,184,8,'',5,171,25),(14856,2022,5,130,2,'',1,127,27),(14856,2022,7,122,3,'',2,117,33),(14856,2022,8,372,12,'',4,356,2),(14856,2022,9,134,7,'2',1,124,21),(14856,2022,12,172,1,'',4,167,17),(14978,2022,1,488,3,'1',3,484,1),(14978,2022,3,482,5,'',9,468,4),(14978,2022,4,642,5,'1',16,620,2),(14978,2022,6,468,7,'',9,452,5),(14978,2022,12,578,6,'',6,572,2),(14979,2022,4,158,1,'1',1,157,3),(14979,2022,5,86,1,'',1,85,7),(14979,2022,8,529,8,'14',1,506,7),(14979,2022,10,185,2,'',3,180,1),(15003,2022,3,748,12,'',1,735,1),(15004,2022,2,1284,2,'',4,1278,59),(15004,2022,3,1406,2,'',7,1397,57),(15004,2022,4,1239,1,'',7,1231,31),(15004,2022,5,1439,1,'',9,1429,24),(15004,2022,7,1361,4,'1',12,1344,15),(15004,2022,8,1467,5,'',10,1452,40),(15004,2022,9,1168,3,'',12,1153,28),(15004,2022,10,1029,7,'',19,1003,17),(15004,2022,11,1366,5,'',20,1341,19),(15004,2022,12,1361,10,'',17,1334,11),(15009,2022,5,4019,255,'5',48,3711,2),(15010,2022,5,4687,67,'2',33,4585,25),(15013,2022,1,1244,2,'',1,1241,17),(15013,2022,2,1120,2,'',2,1118,11),(15013,2022,4,1125,7,'',5,1113,10),(15013,2022,6,1185,9,'',11,1165,5),(15013,2022,7,1179,4,'',8,1167,17),(15013,2022,8,1283,3,'',10,1270,8),(15013,2022,9,1113,11,'',18,1084,2),(15013,2022,10,1071,19,'3',11,1038,4),(15013,2022,11,1206,14,'',9,1183,6),(15013,2022,12,1221,36,'1',13,1171,3),(15014,2022,4,1774,3,'1',16,1754,10),(15014,2022,5,2181,2,'2',11,2168,56),(15014,2022,6,2170,1,'',16,2153,52),(15014,2022,7,1904,4,'',21,1879,41),(15014,2022,8,1969,1,'1',12,1956,20),(15014,2022,9,1925,1,'5',13,1906,64),(15014,2022,10,1378,4,'13',23,1338,47),(15014,2022,11,1707,5,'9',28,1665,52),(15014,2022,12,2389,21,'7',47,2314,36),(15016,2022,1,2676,11,'',9,2656,43),(15016,2022,2,2401,3,'3',4,2394,30),(15016,2022,3,2574,5,'1',19,2549,41),(15016,2022,4,2309,34,'2',24,2249,12),(15016,2022,5,2476,12,'',15,2449,25),(15016,2022,6,2102,57,'2',20,2023,11),(15016,2022,7,2410,12,'1',18,2379,12),(15016,2022,8,2674,20,'',19,2635,14),(15016,2022,9,2266,50,'',83,2133,10),(15016,2022,10,2106,83,'4',70,1949,3),(15016,2022,11,2556,43,'6',59,2448,5),(15016,2022,12,2531,150,'5',78,2298,2),(15018,2022,2,1444,1,'',6,1437,12),(15018,2022,3,1581,2,'1',7,1571,4),(15018,2022,11,1383,3,'1',19,1360,1),(15019,2022,1,5565,10,'1',13,5541,167),(15019,2022,2,4832,16,'2',25,4789,135),(15019,2022,3,4332,11,'1',13,4307,71),(15019,2022,4,4385,11,'1',33,4340,67),(15019,2022,5,4981,12,'',19,4950,40),(15019,2022,6,4863,20,'',29,4814,34),(15019,2022,7,3822,12,'2',25,3783,41),(15019,2022,8,4231,4,'1',23,4203,88),(15019,2022,9,2894,22,'',17,2855,72),(15019,2022,10,1771,22,'2',18,1729,55),(15019,2022,11,2669,50,'1',51,2567,89),(15019,2022,12,6171,154,'3',100,5914,47),(15025,2022,1,5238,250,'27',47,4914,2),(15025,2022,2,4675,81,'7',66,4521,24),(15025,2022,3,5581,326,'12',106,5137,4),(15025,2022,4,4780,203,'17',122,4438,2),(15025,2022,5,5255,275,'14',142,4824,75),(15025,2022,7,5009,308,'11',81,4609,28),(15025,2022,9,1679,101,'3',33,1542,4),(15025,2022,10,4464,222,'3',87,4152,24),(15025,2022,11,5298,379,'12',67,4840,10),(15025,2022,12,5382,720,'10',59,4593,3),(15026,2022,7,606,1,'',7,598,4),(15030,2022,1,296,8,'',6,282,6),(15030,2022,9,243,9,'',3,231,2),(15030,2022,11,286,4,'',2,280,3),(15030,2022,12,276,1,'',6,269,4),(15031,2022,1,2488,2,'',14,2472,12),(15031,2022,2,2128,4,'',27,2097,10),(15031,2022,4,1946,5,'1',17,1923,1),(15031,2022,5,2443,4,'',20,2419,3),(15031,2022,6,673,1,'',2,670,3),(15031,2022,7,1601,75,'',80,1446,1),(15042,2022,2,3153,101,'7',135,2910,15),(15042,2022,4,2894,156,'25',243,2470,2),(15042,2022,5,3163,123,'13',332,2695,54),(15042,2022,7,2577,118,'4',161,2294,27),(15042,2022,8,3134,158,'6',215,2755,4),(15042,2022,10,2610,150,'7',104,2349,30),(15042,2022,11,3138,226,'22',140,2750,4),(15050,2022,9,620,1,'',1,619,18),(15051,2022,1,3834,99,'8',25,3702,6),(15051,2022,2,3494,63,'17',127,3287,56),(15051,2022,3,3977,158,'15',77,3727,4),(15051,2022,4,3564,84,'12',43,3425,9),(15051,2022,5,3814,56,'23',70,3665,106),(15051,2022,6,3791,71,'12',74,3634,6),(15051,2022,7,3510,78,'13',50,3369,19),(15051,2022,8,4043,68,'19',66,3890,4),(15051,2022,9,2084,50,'5',57,1972,3),(15051,2022,10,3399,102,'12',54,3231,74),(15051,2022,11,4082,163,'9',52,3858,27),(15051,2022,12,3976,246,'12',72,3646,5),(15052,2022,2,2414,39,'9',111,2255,20),(15052,2022,4,2299,51,'8',62,2178,1),(15052,2022,5,2485,81,'6',102,2296,30),(15052,2022,7,2215,61,'4',95,2055,6),(15052,2022,10,2010,74,'3',74,1933,3),(15052,2022,11,2512,122,'4',53,2333,2),(15056,2022,2,696,1,'',4,691,26),(15056,2022,3,759,2,'',1,756,40),(15056,2022,9,665,2,'',2,663,16),(15056,2022,12,740,5,'',7,728,1),(15057,2022,10,952,3,'',8,941,1),(15058,2022,2,1920,8,'5',71,1836,7),(15058,2022,5,1912,11,'3',42,1856,12),(15058,2022,7,1874,19,'1',60,1794,11),(15060,2022,2,3224,46,'10',93,3075,30),(15060,2022,5,3732,95,'7',41,3589,22),(15060,2022,7,3429,110,'6',35,3278,23),(15060,2022,9,1967,51,'7',14,1895,1),(15060,2022,10,3098,106,'8',36,2948,4),(15060,2022,11,3729,208,'10',44,3467,7),(15060,2022,12,3660,232,'5',27,3396,2),(15066,2022,1,6308,269,'15',42,5982,4),(15066,2022,2,5474,94,'11',76,5293,109),(15066,2022,3,6296,390,'20',74,5812,7),(15066,2022,4,5540,233,'19',86,5202,5),(15066,2022,5,5970,178,'19',105,5668,97),(15066,2022,6,5925,308,'8',115,5494,1),(15066,2022,7,5639,245,'12',109,5273,49),(15066,2022,8,6014,247,'12',153,5602,21),(15066,2022,9,3279,168,'5',60,3046,3),(15066,2022,10,5253,211,'5',75,4962,82),(15066,2022,11,6108,295,'33',135,5645,40),(15066,2022,12,6033,556,'14',89,5374,4),(15073,2022,9,60,1,'',1,59,1),(15101,2022,1,635,20,'',35,580,2),(15101,2022,2,605,12,'',23,570,4),(15101,2022,5,679,3,'',24,652,1),(15102,2022,1,510,11,'2',10,487,2),(15119,2022,1,210,1,'',3,206,2),(15134,2022,5,112,1,'',7,104,4),(15144,2022,4,1069,1,'',8,1060,4),(15144,2022,5,1170,5,'',9,1156,1),(15144,2022,10,951,2,'',31,918,4),(15145,2022,1,957,13,'2',9,933,2),(15145,2022,2,1000,1,'3',17,979,2),(15145,2022,6,1050,15,'2',17,1016,1),(15145,2022,7,1028,22,'',22,1006,9),(15145,2022,9,884,30,'1',43,810,5),(15145,2022,10,790,29,'6',22,733,1),(15166,2022,1,2116,51,'6',49,2010,2),(15166,2022,4,2096,32,'2',45,2017,1),(15342,2022,5,548,12,'1',33,502,1),(15380,2022,3,616,4,'',30,582,1),(15380,2022,11,434,26,'',8,400,47),(15381,2022,3,988,4,'',17,967,1),(15381,2022,7,920,16,'1',10,893,2),(15391,2022,4,72,2,'',1,69,6),(15391,2022,6,146,3,'',10,133,3),(15391,2022,7,163,2,'',4,157,1),(15391,2022,8,262,2,'',7,253,1),(15464,2022,8,315,3,'1',9,302,20),(15464,2022,10,224,1,'',3,220,30),(15489,2022,4,239,3,'',4,232,12),(15504,2022,1,4028,22,'5',77,3924,17),(16011,2022,2,4084,9,'2',5,4068,114),(16011,2022,3,4451,17,'3',8,4423,73),(16011,2022,4,3964,66,'',15,3883,64),(16011,2022,5,4290,17,'',18,4255,101),(16011,2022,6,3524,43,'2',10,3469,70),(16011,2022,7,2964,29,'3',18,2914,55),(16011,2022,8,2303,17,'',12,2274,33),(16011,2022,9,2103,10,'',12,2081,26),(16011,2022,10,2064,4,'4',34,2026,36),(16011,2022,11,2360,9,'2',16,2333,72),(16011,2022,12,4253,189,'9',68,3987,42),(16015,2022,1,1388,3,'',3,1385,37),(16015,2022,2,1274,2,'',2,1272,38),(16015,2022,3,1387,2,'',3,1382,37),(16015,2022,5,1401,3,'',6,1392,13),(16015,2022,6,1353,17,'',4,1332,44),(16015,2022,7,1374,5,'',5,1369,35),(16015,2022,8,1471,11,'',7,1453,34),(16015,2022,9,1259,12,'2',6,1239,36),(16015,2022,10,1191,19,'1',8,1163,34),(16015,2022,11,1408,22,'1',9,1376,38),(16015,2022,12,1386,53,'2',16,1315,29),(16016,2022,3,640,3,'',2,635,42),(16016,2022,4,429,5,'',2,422,31),(16016,2022,5,552,3,'',3,549,37),(16016,2022,8,662,2,'1',6,653,39),(16016,2022,10,618,6,'',7,605,17),(16019,2022,8,294,14,'',7,273,1),(16020,2022,2,3104,4,'5',6,3089,3),(16020,2022,3,3033,6,'2',6,3025,1),(16020,2022,4,2758,8,'1',6,2743,1),(16020,2022,5,3007,14,'',6,2987,1),(16020,2022,6,2667,33,'3',8,2623,2),(16020,2022,9,2285,7,'1',20,2257,1),(16020,2022,12,3414,48,'',21,3345,2),(16022,2022,7,1056,3,'1',7,1045,6),(16022,2022,10,781,2,'',3,776,4),(16022,2022,12,1056,1,'',4,1051,2),(16024,2022,6,3202,244,'12',58,2888,6),(16024,2022,10,2344,127,'8',38,2171,1),(16025,2022,7,936,21,'',1,914,1),(16028,2022,7,2336,3,'',6,2327,2),(16028,2022,11,2398,5,'2',21,2370,2),(16028,2022,12,2581,5,'2',22,2552,2),(16040,2022,2,3187,66,'1',84,3036,46),(16040,2022,5,3356,82,'7',88,3179,47),(16040,2022,7,2893,138,'6',77,2672,31),(16040,2022,10,2896,66,'6',61,2763,10),(16040,2022,11,3459,98,'14',73,3274,2),(16054,2022,2,2617,87,'4',252,2274,17),(16054,2022,5,2985,193,'12',168,2612,6),(16054,2022,7,2666,204,'4',137,2321,6),(16054,2022,9,872,70,'1',54,747,3),(16054,2022,10,2384,154,'4',158,2068,14),(16054,2022,11,2959,213,'8',178,2560,2),(16056,2022,2,1452,8,'',13,1431,2),(16056,2022,3,1231,5,'3',10,1213,10),(16056,2022,4,1277,6,'1',9,1261,7),(16056,2022,6,1392,20,'',15,1357,1),(16056,2022,7,1322,6,'',10,1306,1),(16056,2022,8,1275,8,'2',15,1250,1),(16056,2022,9,971,19,'',17,935,13),(16056,2022,10,926,2,'',14,910,2),(16057,2022,4,1633,9,'',5,1619,13),(16057,2022,6,2124,3,'',18,2103,7),(16057,2022,7,1956,3,'',8,1945,16),(16057,2022,8,1659,8,'',22,1629,2),(16057,2022,10,1034,2,'1',20,1011,17),(16057,2022,11,1469,6,'',36,1427,10),(16057,2022,12,2328,31,'1',63,2233,1),(16059,2022,6,423,3,'1',8,411,1),(16059,2022,12,447,1,'',13,433,1),(16061,2022,1,6357,373,'7',50,5927,5),(16061,2022,2,5699,134,'10',101,5454,93),(16061,2022,4,5900,299,'13',107,5481,5),(16061,2022,5,6505,555,'18',148,5784,32),(16061,2022,6,6218,530,'9',127,5552,1),(16061,2022,7,6260,547,'12',118,5583,23),(16061,2022,8,6598,432,'15',114,6037,17),(16061,2022,9,1925,130,'5',36,1754,5),(16061,2022,10,5274,290,'5',82,4897,25),(16061,2022,11,6199,448,'29',103,5619,3),(16061,2022,12,6316,561,'27',76,5652,3),(16067,2022,5,286,1,'',8,277,1),(16068,2022,2,1142,14,'2',22,1104,4),(16068,2022,3,1290,3,'',24,1263,1),(16071,2022,1,3702,6,'2',1,3693,11),(16071,2022,2,3483,2,'1',1,3480,16),(16071,2022,3,3801,14,'1',7,3779,6),(16071,2022,4,3337,11,'1',2,3323,4),(16071,2022,5,3635,5,'1',6,3623,23),(16071,2022,6,3337,21,'',5,3311,5),(16071,2022,7,3202,12,'',13,3177,16),(16071,2022,8,3359,9,'',15,3335,18),(16071,2022,9,2871,11,'',14,2846,1),(16071,2022,10,2496,7,'5',24,2460,12),(16071,2022,11,2815,3,'6',19,2787,9),(16071,2022,12,3702,115,'6',53,3528,6),(16117,2022,3,1546,25,'1',50,1470,3),(16117,2022,5,1540,14,'',36,1490,6),(16117,2022,7,1451,8,'',32,1411,7),(16118,2022,1,480,10,'',2,468,2),(16123,2022,1,218,2,'',2,216,2),(16145,2022,2,153,3,'',10,140,1),(16151,2022,4,802,15,'3',23,761,4),(16151,2022,11,884,3,'',29,852,1),(16152,2022,3,182,2,'1',11,168,1),(16180,2022,10,347,8,'',3,336,1),(16222,2022,10,76,1,'',3,72,1),(16239,2022,4,248,1,'',9,238,28),(16239,2022,5,275,3,'',15,257,10),(16239,2022,6,253,5,'2',12,234,1),(16239,2022,7,271,6,'1',10,254,4),(16239,2022,9,367,11,'1',15,340,2),(16239,2022,10,481,20,'',22,439,3),(16239,2022,12,530,22,'2',29,477,4),(16332,2022,8,666,3,'1',9,653,3),(16332,2022,9,742,7,'',7,735,28),(16332,2022,10,701,2,'',13,686,10),(16332,2022,11,822,4,'',10,808,48),(16332,2022,12,818,1,'',7,810,56),(16499,2022,1,464,9,'',13,442,1),(16499,2022,3,444,1,'',4,439,1),(16589,2022,1,162,21,'',2,139,1),(16589,2022,3,195,10,'1',3,181,1),(16589,2022,4,154,3,'',5,146,1),(17006,2022,2,2135,1,'1',9,2125,37),(17006,2022,3,2328,3,'1',18,2306,38),(17006,2022,4,2076,5,'',21,2050,56),(17006,2022,5,2226,7,'',20,2199,39),(17006,2022,6,2386,18,'2',18,2366,44),(17006,2022,7,1994,12,'1',17,1964,63),(17006,2022,8,1801,10,'',22,1769,30),(17006,2022,9,1437,5,'',22,1410,29),(17006,2022,10,1661,2,'2',9,1650,60),(17006,2022,11,2166,3,'',13,2150,48),(17006,2022,12,2704,59,'3',16,2626,62),(17007,2022,2,1368,5,'1',3,1359,8),(17007,2022,3,1494,2,'',2,1492,15),(17007,2022,4,1330,3,'',7,1320,1),(17007,2022,5,1439,5,'',11,1423,20),(17007,2022,6,1235,7,'1',2,1225,12),(17007,2022,7,1177,4,'1',6,1166,3),(17007,2022,8,1120,1,'',8,1111,7),(17007,2022,9,1053,2,'',4,1047,3),(17007,2022,10,891,5,'1',8,877,15),(17007,2022,11,1173,4,'1',11,1157,5),(17009,2022,1,3985,267,'25',40,3653,1),(17009,2022,2,3592,69,'11',79,3433,25),(17009,2022,4,3428,179,'13',54,3182,6),(17009,2022,5,3882,211,'21',68,3582,4),(17009,2022,8,4044,190,'4',91,3759,3),(17009,2022,9,3266,168,'7',74,3017,4),(17009,2022,10,3279,139,'4',59,3077,21),(17009,2022,11,3938,209,'4',75,3650,8),(17009,2022,12,3878,290,'5',83,3500,2),(17011,2022,1,2161,3,'2',3,2156,3),(17011,2022,5,2167,1,'1',4,2162,2),(17011,2022,6,2024,18,'',6,2000,5),(17011,2022,7,2114,6,'',12,2096,11),(17011,2022,8,2246,3,'',14,2229,13),(17011,2022,10,1708,2,'',12,1694,1),(17011,2022,11,1938,16,'2',21,1899,6),(17011,2022,12,2208,53,'',47,2108,1),(17017,2022,2,1640,2,'1',5,1632,10),(17017,2022,3,1791,4,'2',5,1780,12),(17017,2022,4,1605,8,'',5,1592,1),(17017,2022,6,1849,44,'',25,1780,4),(17017,2022,7,1773,14,'',18,1741,5),(17017,2022,8,1389,12,'',16,1361,6),(17017,2022,9,1320,12,'1',20,1287,1),(17017,2022,10,1190,8,'',22,1160,7),(17021,2022,1,2914,4,'1',7,2902,9),(17021,2022,2,2710,6,'1',9,2694,25),(17021,2022,3,2791,4,'2',1,2784,14),(17021,2022,4,2519,1,'1',5,2513,19),(17021,2022,5,2818,9,'',6,2803,17),(17021,2022,6,2433,7,'',5,2421,8),(17021,2022,8,1789,3,'1',9,1776,1),(17021,2022,9,2596,3,'1',4,2588,8),(17021,2022,11,2336,13,'5',8,2310,1),(17021,2022,12,3074,38,'3',17,3016,17),(17023,2022,5,3587,177,'10',182,3218,37),(17023,2022,7,3308,179,'5',157,2967,47),(17023,2022,10,3134,138,'2',116,2878,2),(17031,2022,2,2846,228,'11',188,2419,16),(17031,2022,4,2695,192,'15',143,2345,3),(17031,2022,5,2882,193,'7',105,2577,8),(17031,2022,6,2748,168,'6',114,2460,1),(17031,2022,7,2739,197,'17',104,2421,22),(17031,2022,8,2108,121,'6',95,1886,5),(17031,2022,9,2465,223,'11',151,2080,4),(17031,2022,10,2288,140,'13',61,2074,30),(17031,2022,11,2930,244,'16',117,2553,14),(17031,2022,12,2744,329,'15',124,2276,2),(17033,2022,2,2795,91,'4',104,2596,16),(17033,2022,4,2647,178,'15',59,2395,6),(17033,2022,5,2877,203,'12',64,2598,12),(17033,2022,7,2801,233,'6',50,2512,5),(17033,2022,8,3116,201,'6',53,2856,3),(17033,2022,9,2529,161,'3',56,2309,1),(17033,2022,10,2460,127,'6',68,2259,5),(17034,2022,2,1764,34,'13',43,1674,17),(17034,2022,4,1753,30,'18',52,1653,3),(17034,2022,5,1829,14,'7',32,1776,16),(17034,2022,7,1843,45,'7',41,1750,2),(17034,2022,10,1567,71,'',48,1448,10),(17037,2022,1,594,8,'',14,572,1),(17037,2022,4,536,7,'2',14,513,1),(17037,2022,6,561,3,'1',6,551,1),(17043,2022,1,3830,189,'15',30,3596,4),(17043,2022,2,3458,86,'11',60,3301,23),(17043,2022,5,3578,139,'17',180,3242,46),(17043,2022,6,3500,113,'11',143,3233,3),(17043,2022,7,3289,170,'15',152,2952,15),(17043,2022,8,3628,149,'16',189,3274,3),(17043,2022,10,3006,167,'13',77,2749,20),(17049,2022,3,2356,134,'',51,2171,7),(17055,2022,3,1770,6,'2',21,1741,15),(17055,2022,4,1282,1,'',5,1276,41),(17055,2022,5,1707,3,'',10,1694,62),(17055,2022,6,1806,3,'',10,1793,40),(17055,2022,7,1518,4,'',17,1497,22),(17055,2022,8,1718,2,'',7,1709,39),(17055,2022,9,1471,3,'1',31,1436,30),(17055,2022,10,1027,2,'',17,1008,5),(17055,2022,11,1495,8,'',30,1457,7),(17055,2022,12,2085,21,'3',43,2018,6),(17059,2022,5,179,1,'1',7,171,1),(17063,2022,2,4674,207,'15',184,4268,83),(17063,2022,4,4819,327,'22',129,4341,1),(17063,2022,5,5109,374,'12',135,4588,9),(17063,2022,7,4517,426,'17',168,3906,65),(17063,2022,9,2721,226,'5',74,2416,1),(17063,2022,10,4444,323,'28',131,3962,30),(17063,2022,11,5022,420,'25',160,4417,5),(17063,2022,12,4962,509,'16',143,4294,1),(17071,2022,1,3012,9,'',10,2993,15),(17071,2022,2,2915,16,'1',17,2881,4),(17071,2022,4,2106,1,'1',11,2094,14),(17071,2022,5,2762,5,'4',26,2727,1),(17071,2022,7,2975,22,'',12,2941,11),(17071,2022,8,2606,20,'2',14,2570,18),(17071,2022,12,2288,78,'1',97,2112,1),(17072,2022,1,3171,7,'1',13,3150,3),(17072,2022,2,2772,15,'1',20,2736,7),(17072,2022,4,2760,7,'1',6,2746,14),(17072,2022,5,2937,9,'',22,2906,2),(17072,2022,7,2855,24,'',20,2811,9),(17072,2022,8,2446,41,'2',27,2376,4),(17072,2022,9,1048,97,'1',56,894,1),(17113,2022,10,672,37,'14',25,596,1),(17145,2022,4,1088,1,'',6,1081,12),(17145,2022,5,1184,2,'',9,1173,8),(17145,2022,10,947,3,'',19,925,2),(17148,2022,7,733,13,'1',16,703,1),(17148,2022,8,790,9,'',5,776,1),(17148,2022,9,656,5,'2',5,649,1),(17148,2022,10,621,11,'3',8,599,1),(17164,2022,1,2155,27,'11',31,2086,1),(17164,2022,10,1619,32,'2',25,1560,9),(17246,2022,1,1826,23,'3',31,1769,9),(17246,2022,2,1747,20,'3',39,1685,4),(17246,2022,3,1873,51,'3',65,1754,20),(17246,2022,4,1726,26,'10',38,1652,11),(17246,2022,5,1935,44,'3',48,1840,10),(17246,2022,6,1844,45,'6',54,1739,31),(17246,2022,7,1860,39,'6',55,1760,25),(17246,2022,8,2655,95,'11',84,2465,21),(17246,2022,9,1974,78,'8',76,1812,28),(17246,2022,10,2228,147,'11',91,1979,23),(17246,2022,11,2109,52,'9',58,1990,9),(17246,2022,12,2428,125,'15',75,2213,18),(17409,2022,3,20,2,'1',1,17,2),(17409,2022,10,375,1,'2',3,369,2),(17409,2022,11,178,1,'',2,175,9),(17409,2022,12,568,27,'2',9,530,1),(17464,2022,3,156,5,'',11,140,1),(18005,2022,10,911,3,'',9,899,12),(18005,2022,11,1096,3,'',8,1085,22),(18007,2022,5,3235,3,'1',9,3222,2),(18007,2022,7,3048,8,'1',16,3023,14),(18007,2022,10,2045,1,'3',10,2031,1),(18010,2022,1,4007,283,'5',39,3680,4),(18010,2022,2,3539,96,'7',81,3355,49),(18010,2022,3,4334,187,'11',69,4067,2),(18010,2022,4,3716,124,'5',66,3521,3),(18010,2022,5,3966,151,'3',100,3712,42),(18010,2022,7,3768,164,'2',93,3509,17),(18010,2022,9,1295,71,'4',22,1198,3),(18010,2022,10,3375,195,'5',66,3109,13),(18010,2022,11,4172,244,'17',51,3860,4),(18013,2022,1,3133,3,'1',12,3117,44),(18013,2022,2,2815,5,'2',14,2794,34),(18013,2022,4,2727,2,'',17,2708,5),(18013,2022,6,3137,1,'',6,3130,24),(18013,2022,8,3065,3,'1',7,3054,21),(18013,2022,9,2709,1,'1',19,2689,18),(18013,2022,10,1859,1,'7',10,1841,5),(18014,2022,5,1409,2,'',8,1399,1),(18017,2022,10,1111,2,'1',20,1088,1),(18018,2022,1,3704,8,'',24,3672,94),(18018,2022,2,3255,9,'1',13,3232,112),(18018,2022,3,3451,8,'1',28,3414,42),(18018,2022,4,3063,4,'',19,3040,84),(18018,2022,5,3790,9,'',24,3757,117),(18018,2022,6,3636,15,'1',24,3596,74),(18018,2022,7,3056,9,'1',25,3021,54),(18018,2022,8,2711,2,'2',30,2679,50),(18018,2022,9,2563,11,'',35,2517,48),(18018,2022,10,1717,10,'6',28,1673,43),(18018,2022,11,2445,30,'3',55,2357,55),(18018,2022,12,4296,142,'7',107,4040,40),(18019,2022,1,4662,272,'9',24,4357,6),(18019,2022,2,4129,74,'9',56,3990,63),(18019,2022,5,4341,114,'9',61,4157,57),(18019,2022,7,4092,124,'5',66,3897,24),(18019,2022,8,4241,235,'3',112,3891,2),(18019,2022,9,1442,101,'3',46,1292,5),(18019,2022,10,3622,147,'15',60,3400,38),(18019,2022,11,4451,248,'8',49,4146,2),(18019,2022,12,4368,466,'11',55,3836,3),(18022,2022,2,2055,16,'3',10,2026,2),(18057,2022,2,2349,26,'2',62,2259,4),(18057,2022,5,2395,51,'7',75,2262,21),(18057,2022,6,2255,43,'3',43,2209,1),(18057,2022,7,2205,74,'8',34,2089,6),(18057,2022,10,2056,77,'6',86,1887,8),(18074,2022,1,4149,67,'7',136,3939,30),(18074,2022,7,3242,128,'1',118,2995,1),(18085,2022,12,54,1,'',2,51,1),(18099,2022,1,2750,3,'',2,2745,128),(18099,2022,4,2548,8,'',3,2537,73),(18099,2022,5,2704,5,'1',5,2698,124),(18099,2022,6,2715,7,'2',8,2698,108),(18099,2022,7,2600,4,'2',4,2594,211),(18099,2022,8,2850,9,'2',10,2829,264),(18099,2022,9,2466,14,'',14,2452,205),(18099,2022,10,2332,13,'5',14,2300,203),(18099,2022,11,2792,18,'5',15,2754,226),(18099,2022,12,2857,28,'',33,2796,204),(18175,2022,4,35,1,'',1,34,1),(18175,2022,8,141,2,'',6,133,29),(18230,2022,3,535,4,'',7,524,2),(18279,2022,10,67,4,'',6,57,1),(18349,2022,7,249,5,'1',3,240,1),(18349,2022,12,561,83,'1',15,462,1),(19007,2022,5,3252,171,'4',59,3018,2),(19010,2022,3,1475,16,'1',4,1454,10),(19012,2022,1,2555,1,'',16,2538,6),(19012,2022,2,2447,6,'',14,2427,15),(19012,2022,3,2557,1,'',14,2542,7),(19012,2022,4,1930,2,'3',21,1904,15),(19012,2022,5,2314,5,'1',11,2297,20),(19012,2022,6,2628,3,'',6,2619,22),(19012,2022,7,2252,3,'',6,2243,29),(19012,2022,8,2395,1,'',17,2377,37),(19012,2022,9,2139,1,'1',10,2128,20),(19012,2022,10,1591,3,'3',4,1584,4),(19016,2022,1,3537,241,'9',28,3259,6),(19016,2022,2,3168,56,'28',40,3044,29),(19016,2022,3,3602,129,'16',72,3385,4),(19016,2022,5,3434,183,'13',75,3163,9),(19016,2022,6,3208,177,'7',55,2969,8),(19016,2022,7,3155,207,'12',59,2877,17),(19016,2022,8,3366,215,'4',62,3085,11),(19016,2022,9,2940,242,'9',70,2619,9),(19016,2022,10,3016,172,'7',55,2782,41),(19016,2022,11,3310,273,'8',100,2929,11),(19016,2022,12,3239,422,'8',95,2714,2),(19018,2022,2,1846,1,'',8,1837,5),(19018,2022,4,1803,3,'1',2,1797,1),(19018,2022,9,1756,12,'3',20,1721,1),(19018,2022,10,1691,18,'3',17,1653,12),(19028,2022,3,1141,1,'',5,1135,1),(19033,2022,11,342,4,'',5,333,2),(19041,2022,8,485,4,'',4,481,2),(19047,2022,1,2594,58,'2',14,2520,1),(19047,2022,5,2868,242,'6',32,2588,1),(19047,2022,6,2984,283,'1',22,2678,2),(19047,2022,7,2448,386,'4',36,2022,6),(19047,2022,10,2206,232,'2',46,1926,1),(19056,2022,6,108,2,'',1,105,1),(19066,2022,5,427,3,'',1,423,2),(19072,2022,2,3476,84,'12',73,3307,37),(19072,2022,3,3939,174,'7',89,3669,1),(19072,2022,5,3706,144,'9',75,3478,50),(19072,2022,7,3393,150,'10',51,3182,17),(19072,2022,9,1186,98,'2',44,1042,6),(19072,2022,10,3042,101,'4',45,2892,21),(19072,2022,11,3670,163,'4',55,3448,1),(19072,2022,12,3456,378,'9',67,3002,3),(19075,2022,1,3710,47,'5',125,3533,22),(19075,2022,2,2157,26,'',99,2032,1),(19075,2022,4,1732,22,'',69,1641,1),(19075,2022,9,2804,80,'2',95,2627,1),(19094,2022,5,83,1,'',1,82,1),(19094,2022,11,99,1,'',1,98,2),(19095,2022,4,1651,5,'1',2,1643,2),(19095,2022,5,1796,4,'',2,1790,9),(19095,2022,7,1781,22,'',42,1717,1),(19095,2022,8,1975,14,'1',47,1913,2),(19095,2022,10,1307,8,'',16,1283,2),(19112,2022,5,140,2,'',8,130,1),(19142,2022,4,433,9,'1',17,406,1),(19142,2022,5,483,11,'1',11,471,1),(19171,2022,10,701,6,'2',32,661,1),(19200,2022,2,1811,9,'2',9,1800,8),(19200,2022,3,1964,14,'3',10,1937,4),(19200,2022,7,1290,31,'',6,1253,26),(19200,2022,8,1376,6,'2',16,1352,23),(19200,2022,9,1011,5,'1',5,1005,24),(19200,2022,10,878,2,'3',4,869,18),(19200,2022,11,1186,9,'1',3,1173,32),(19200,2022,12,1861,84,'1',11,1765,28),(19279,2022,4,1519,8,'4',36,1471,16),(19279,2022,5,1718,15,'11',50,1642,4),(19279,2022,7,1653,20,'4',19,1610,4),(19383,2022,3,60,8,'',3,49,4),(19383,2022,6,43,3,'',6,34,13),(19383,2022,9,76,10,'',7,59,13),(19383,2022,10,97,4,'',7,86,2),(19383,2022,12,39,6,'',2,31,27),(20005,2022,2,2528,1,'',9,2518,1),(20005,2022,3,2761,5,'1',8,2747,4),(20005,2022,4,2493,40,'1',9,2443,2),(20005,2022,5,2677,7,'',10,2660,10),(20005,2022,6,2248,25,'',13,2210,7),(20005,2022,7,2028,32,'',14,1982,27),(20005,2022,8,1503,12,'2',11,1478,5),(20005,2022,10,1311,4,'1',17,1289,2),(20005,2022,12,2696,133,'4',47,2512,1),(20016,2022,5,340,1,'',6,333,9),(20025,2022,3,3551,123,'2',23,3403,1),(20034,2022,5,2665,81,'3',48,2533,12),(20034,2022,6,2537,81,'4',32,2420,14),(20034,2022,8,2829,72,'3',25,2729,1),(20034,2022,9,2403,40,'3',39,2321,15),(20034,2022,10,2293,34,'1',40,2218,16),(20034,2022,11,2721,29,'',62,2630,21),(20034,2022,12,2674,45,'1',43,2585,21),(20038,2022,1,1924,11,'1',13,1899,5),(20054,2022,7,259,3,'2',14,240,3),(20057,2022,7,570,5,'',7,558,2),(20057,2022,8,617,6,'',11,600,2),(20062,2022,5,1252,6,'',17,1229,3),(20070,2022,2,3240,97,'4',102,3037,4),(20070,2022,5,3611,98,'12',72,3429,3),(20070,2022,7,3358,125,'7',74,3152,28),(20070,2022,9,1141,96,'',51,994,4),(20070,2022,11,3616,271,'8',80,3257,2),(20140,2022,4,177,2,'',16,159,2),(20150,2022,1,1245,3,'2',22,1218,1),(20333,2022,1,766,3,'',5,758,64),(20333,2022,3,764,3,'',15,746,84),(20333,2022,4,699,3,'1',2,693,83),(20333,2022,5,770,10,'',9,751,83),(20333,2022,6,728,11,'',11,717,53),(20333,2022,7,757,4,'',4,753,81),(20333,2022,8,865,14,'',11,840,75),(20333,2022,9,1112,17,'1',16,1078,22),(20333,2022,10,1031,3,'',14,1014,12),(20333,2022,11,1244,3,'',17,1224,21),(20333,2022,12,1233,3,'1',6,1223,27),(21003,2022,3,1129,19,'6',28,1076,1),(21003,2022,4,889,6,'2',18,863,4),(21003,2022,8,888,17,'1',32,838,1),(21003,2022,9,891,16,'1',15,859,17),(21003,2022,10,672,23,'4',16,629,2),(21004,2022,1,2311,5,'',4,2302,37),(21004,2022,2,2212,4,'',1,2207,39),(21004,2022,3,2411,2,'2',3,2406,27),(21004,2022,4,2170,2,'',3,2165,18),(21004,2022,5,2275,2,'2',3,2270,35),(21004,2022,6,2312,19,'',11,2282,22),(21004,2022,7,2138,3,'',6,2129,34),(21004,2022,8,2369,12,'',10,2347,21),(21004,2022,9,2027,13,'',22,1992,13),(21004,2022,10,1927,23,'3',48,1853,7),(21004,2022,11,2221,30,'4',35,2152,11),(21005,2022,1,2114,2,'',1,2111,6),(21005,2022,3,2219,1,'',2,2216,8),(21005,2022,4,2010,12,'1',8,1989,2),(21005,2022,5,2139,4,'',5,2130,12),(21005,2022,6,2135,54,'6',8,2067,10),(21005,2022,7,2081,8,'',11,2062,33),(21005,2022,8,2287,16,'',6,2265,26),(21005,2022,9,1950,14,'1',17,1918,14),(21005,2022,10,1805,23,'1',30,1751,7),(21005,2022,11,2009,23,'3',36,1947,3),(21005,2022,12,2176,105,'1',145,1925,3),(21007,2022,2,3295,92,'3',106,3094,3),(21007,2022,5,3860,373,'15',99,3373,11),(21007,2022,7,3859,231,'7',77,3544,15),(21007,2022,8,4181,258,'3',67,3853,2),(21007,2022,9,3284,258,'7',90,2929,3),(21007,2022,10,3275,201,'4',84,2986,20),(21007,2022,11,3915,301,'12',92,3510,4),(21008,2022,2,1298,43,'9',118,1128,3),(21008,2022,5,1406,72,'7',108,1219,3),(21008,2022,9,64,10,'',11,43,27),(21017,2022,2,2240,48,'10',38,2144,10),(21017,2022,5,2592,87,'8',56,2441,12),(21017,2022,8,2565,62,'2',63,2438,2),(21017,2022,10,2259,56,'10',54,2139,31),(21017,2022,11,2725,84,'2',52,2587,11),(21017,2022,12,2677,132,'7',51,2487,1),(21029,2022,8,684,2,'1',3,678,1),(21030,2022,5,1202,13,'2',42,1145,3),(21037,2022,6,3341,307,'20',92,2922,1),(21037,2022,7,2942,213,'16',49,2664,13),(21037,2022,8,2906,168,'3',38,2697,2),(21053,2022,7,77,1,'',1,76,3),(21053,2022,12,75,3,'1',3,71,1),(21055,2022,10,1560,88,'1',17,1454,3),(21059,2022,7,1439,44,'2',26,1367,6),(21078,2022,1,3877,10,'2',17,3848,45),(21078,2022,2,3332,19,'1',31,3281,30),(21085,2022,1,2502,28,'',8,2466,14),(21085,2022,2,2354,2,'',2,2352,5),(21085,2022,5,2515,15,'',10,2490,2),(21085,2022,6,2255,14,'1',18,2222,4),(21085,2022,7,2135,30,'1',18,2086,14),(21085,2022,10,1437,14,'3',24,1396,1),(21088,2022,1,3172,4,'1',2,3165,13),(21088,2022,3,3264,3,'',4,3257,2),(21088,2022,4,2909,17,'1',8,2883,3),(21088,2022,5,3162,12,'1',15,3134,19),(21088,2022,6,3120,39,'',9,3072,10),(21088,2022,7,2793,24,'',26,2743,4),(21088,2022,8,3155,29,'',14,3112,15),(21088,2022,9,2855,36,'1',29,2789,1),(21088,2022,10,2605,47,'10',31,2517,4),(21088,2022,11,3020,59,'13',38,2910,1),(21088,2022,12,3203,103,'2',69,3029,7),(21094,2022,6,47,1,'',1,46,1),(21101,2022,1,158,7,'',4,147,1),(21101,2022,3,429,6,'',9,414,1),(21336,2022,3,219,2,'',4,213,2),(22004,2022,1,4901,798,'2',20,4081,26),(22006,2022,6,2062,33,'2',34,1993,5),(22006,2022,7,2052,58,'3',28,1963,4),(22007,2022,1,2380,140,'5',70,2165,4),(22007,2022,2,2155,85,'3',119,1948,7),(22007,2022,5,2283,199,'6',142,1936,5),(22007,2022,9,1921,186,'4',149,1582,1),(22007,2022,10,1886,141,'',139,1606,7),(22009,2022,5,2049,10,'1',27,2011,2),(22018,2022,1,6219,404,'50',89,5676,6),(22018,2022,2,5644,224,'17',132,5271,81),(22018,2022,4,5762,252,'13',111,5386,6),(22018,2022,5,6098,336,'16',172,5574,144),(22018,2022,7,5465,404,'10',124,4927,28),(22018,2022,8,6191,398,'10',154,5629,5),(22018,2022,9,1998,139,'2',30,1827,7),(22018,2022,10,5238,321,'10',99,4808,47),(22018,2022,11,6206,372,'31',112,5691,10),(22028,2022,12,508,2,'1',9,496,1),(22030,2022,5,117,1,'',8,108,1),(22051,2022,7,670,14,'2',8,646,3),(22057,2022,8,1116,11,'1',54,1050,20),(22062,2022,5,3177,178,'6',32,2961,1),(22064,2022,5,628,5,'1',16,606,1),(22066,2022,1,2558,4,'1',24,2529,62),(22066,2022,2,2294,16,'',24,2254,76),(22066,2022,3,2545,5,'',22,2518,51),(22066,2022,4,2484,3,'1',18,2462,63),(22066,2022,6,3167,2,'',19,3146,83),(22066,2022,7,2942,2,'2',17,2923,77),(22066,2022,8,2843,3,'',24,2816,35),(22066,2022,9,2283,3,'1',15,2264,57),(22066,2022,10,1883,4,'1',15,1863,68),(22066,2022,11,2625,4,'4',35,2586,59),(22066,2022,12,3521,45,'4',84,3388,57),(22083,2022,7,2506,15,'1',7,2483,10),(22083,2022,8,2329,18,'3',7,2301,1),(22089,2022,1,3657,97,'11',42,3507,9),(22089,2022,2,3230,80,'2',106,3042,16),(22089,2022,4,3136,62,'27',42,3005,5),(22089,2022,5,3409,84,'4',68,3253,20),(22089,2022,6,3321,90,'8',65,3158,2),(22089,2022,7,3127,123,'7',108,2889,32),(22089,2022,8,3427,154,'2',93,3178,7),(22089,2022,9,1683,88,'4',68,1523,3),(22089,2022,10,2913,87,'5',67,2754,27),(22089,2022,11,3309,264,'8',39,2998,7),(22089,2022,12,3416,409,'7',89,2911,3),(22141,2022,2,1692,23,'4',78,1587,10),(22141,2022,4,1820,41,'8',33,1738,3),(22141,2022,5,2004,80,'4',44,1876,15),(22141,2022,7,2000,106,'1',53,1840,3),(22141,2022,9,549,38,'2',36,473,3),(22141,2022,10,1663,120,'3',70,1470,14),(22304,2022,12,201,1,'',1,200,1),(22479,2022,2,1120,7,'18',16,1079,4),(22479,2022,4,1064,34,'39',20,971,2),(22479,2022,5,1112,24,'',8,1080,3),(22479,2022,7,1020,40,'14',20,946,14),(22479,2022,8,1242,17,'5',24,1196,4),(22479,2022,9,666,6,'',22,638,45),(22479,2022,10,576,3,'1',15,557,7),(22479,2022,11,792,5,'',23,764,7),(23001,2022,2,4584,77,'6',23,4478,3),(23002,2022,3,1385,7,'',1,1377,23),(23002,2022,10,1168,2,'',3,1163,15),(23002,2022,11,1377,4,'',3,1370,24),(23002,2022,12,1361,1,'',3,1357,20),(23003,2022,10,2454,131,'1',92,2230,14),(23006,2022,2,1994,25,'10',132,1827,29),(23006,2022,3,2040,90,'9',169,1772,1),(23006,2022,5,2193,58,'11',84,2040,4),(23006,2022,8,1654,40,'2',69,1543,2),(23006,2022,9,678,35,'2',56,585,8),(23006,2022,10,1599,60,'6',77,1456,6),(23012,2022,6,2129,33,'1',15,2080,11),(23012,2022,7,2145,34,'3',17,2091,4),(23012,2022,9,2007,52,'6',34,1915,1),(23018,2022,1,1496,3,'7',25,1461,2),(23018,2022,2,1351,5,'12',44,1290,7),(23018,2022,5,1553,24,'1',60,1468,15),(23018,2022,9,454,13,'',35,406,2),(23025,2022,1,1593,5,'',18,1570,3),(23025,2022,2,1458,3,'',9,1446,1),(23025,2022,5,1538,7,'1',26,1504,2),(23025,2022,6,1537,11,'',22,1504,18),(23025,2022,7,1575,19,'1',22,1533,10),(23025,2022,9,1431,27,'',43,1361,3),(23025,2022,12,1601,29,'',46,1526,13),(23032,2022,5,2124,68,'7',38,2011,32),(23032,2022,6,2005,78,'7',27,1893,26),(23032,2022,7,2002,27,'6',12,1957,17),(23032,2022,8,2243,22,'2',15,2204,23),(23032,2022,9,1812,47,'3',34,1728,33),(23032,2022,10,1645,32,'',25,1588,30),(23032,2022,11,2117,29,'1',28,2059,25),(23032,2022,12,2072,43,'4',17,2008,27),(23034,2022,1,3265,2,'',25,3238,40),(23034,2022,2,2863,10,'2',25,2826,36),(23034,2022,3,2724,2,'1',34,2687,34),(23034,2022,4,2557,11,'1',13,2532,15),(23034,2022,5,2954,4,'1',34,2915,20),(23034,2022,6,3143,7,'',27,3109,23),(23034,2022,7,3063,6,'1',12,3044,73),(23034,2022,8,2956,11,'',16,2929,34),(23034,2022,9,2533,6,'1',23,2503,31),(23034,2022,10,1902,2,'1',10,1889,28),(23034,2022,11,2678,7,'5',19,2647,34),(23034,2022,12,3755,47,'4',36,3668,55),(23040,2022,3,53,1,'',1,52,1),(23044,2022,3,1797,74,'',15,1708,1),(23052,2022,5,854,6,'',15,833,1),(23052,2022,12,877,12,'',40,825,11),(23056,2022,5,2840,473,'11',135,2221,3),(23056,2022,7,2761,359,'6',160,2236,11),(23060,2022,1,411,2,'1',10,398,1),(23060,2022,4,368,4,'',8,356,1),(23060,2022,9,367,4,'',10,353,1),(23060,2022,12,408,4,'',5,399,1),(23062,2022,12,56,1,'',4,51,1),(23074,2022,6,95,1,'',1,94,1),(23076,2022,7,2289,38,'4',25,2222,14),(23082,2022,5,98,1,'1',1,97,1),(23096,2022,2,1284,1,'',2,1281,4),(23096,2022,7,1349,5,'',17,1327,1),(23151,2022,5,801,6,'',17,778,1),(24004,2022,2,3884,50,'6',40,3788,3),(24004,2022,3,4127,50,'4',49,4024,42),(24004,2022,5,4032,43,'3',51,3935,8),(24004,2022,7,3884,51,'5',73,3755,45),(24004,2022,10,3222,154,'',89,2979,3),(24006,2022,1,2279,14,'6',19,2240,1),(24006,2022,2,2095,12,'5',41,2037,19),(24006,2022,5,2170,21,'4',41,2104,15),(24006,2022,7,2112,20,'4',32,2056,1),(24028,2022,8,1442,35,'1',61,1345,2),(24042,2022,1,1350,1,'',25,1324,17),(24042,2022,2,1240,7,'',31,1202,16),(24042,2022,3,1341,5,'',73,1263,19),(24042,2022,4,1161,4,'1',42,1114,16),(24042,2022,5,1088,4,'2',37,1045,12),(24042,2022,6,1350,6,'',45,1299,18),(24070,2022,3,1470,30,'',59,1381,1),(24092,2022,1,2540,69,'9',36,2426,1),(24092,2022,2,2303,20,'6',56,2221,39),(24092,2022,5,2444,40,'9',68,2327,29),(24092,2022,7,2331,50,'6',45,2230,21),(24092,2022,8,2503,61,'3',81,2358,1),(24092,2022,9,780,54,'',38,688,6),(24092,2022,10,2035,56,'3',95,1881,32),(24092,2022,11,2480,76,'4',106,2294,9),(24092,2022,12,2467,207,'5',141,2114,1),(24100,2022,1,1170,34,'1',3,1132,2),(24100,2022,5,1414,36,'1',25,1352,1),(24100,2022,7,1349,7,'',12,1330,7),(24100,2022,9,1116,4,'4',3,1109,1),(24100,2022,11,1284,6,'2',7,1269,1),(25002,2022,7,1071,47,'',47,1024,3),(25002,2022,9,1074,117,'2',63,892,1),(25004,2022,2,2955,30,'',13,2912,1),(25005,2022,1,7366,566,'19',99,6682,7),(25005,2022,2,6558,277,'21',135,6125,27),(25005,2022,3,7149,909,'25',200,6015,1),(25005,2022,4,6018,581,'42',141,5254,1),(25005,2022,5,6716,663,'40',137,5876,31),(25005,2022,6,6390,535,'15',109,5731,1),(25005,2022,7,6189,567,'9',149,5464,10),(25005,2022,8,6725,662,'11',136,5916,1),(25005,2022,9,5565,702,'7',101,4755,3),(25005,2022,10,5634,450,'14',106,5064,34),(25005,2022,12,6734,880,'7',120,5727,1),(25026,2022,1,2628,6,'',20,2602,92),(25026,2022,2,2405,6,'1',21,2377,80),(25026,2022,3,2632,2,'2',20,2610,108),(25026,2022,4,2379,9,'2',22,2346,77),(25026,2022,5,2579,7,'',31,2541,35),(25026,2022,6,2528,14,'3',17,2494,43),(25026,2022,7,2526,18,'2',26,2480,42),(25026,2022,8,2691,27,'1',30,2633,79),(25026,2022,9,2293,17,'',37,2239,51),(25026,2022,10,2247,2,'1',34,2210,21),(25026,2022,11,2628,16,'3',49,2560,7),(25026,2022,12,2557,50,'5',53,2449,20),(25030,2022,12,45,1,'',1,44,2),(25053,2022,4,411,4,'',4,407,1),(25053,2022,5,476,3,'',3,473,2),(25090,2022,1,3152,61,'12',28,3051,1),(26003,2022,5,2874,1,'',5,2868,58),(26005,2022,1,2814,55,'9',70,2680,4),(26005,2022,2,2558,36,'9',96,2417,16),(26005,2022,5,2693,37,'9',123,2524,33),(26005,2022,6,2655,35,'6',110,2504,1),(26005,2022,8,2209,92,'4',119,1994,5),(26005,2022,9,1462,78,'2',96,1286,1),(26005,2022,10,1913,49,'1',108,1755,7),(26018,2022,2,316,3,'',3,313,3),(26022,2022,7,2729,309,'',17,2403,7),(26022,2022,9,1844,198,'2',47,1597,1),(26034,2022,5,1949,5,'',15,1929,1),(26041,2022,10,180,2,'',1,177,7),(26041,2022,11,303,1,'',1,302,36),(26041,2022,12,405,1,'1',1,404,45),(26064,2022,5,2929,275,'3',64,2587,1),(26068,2022,7,845,10,'',8,827,1),(26088,2022,5,3981,257,'3',80,3641,2),(26099,2022,4,2353,121,'2',17,2213,1),(27001,2022,7,1818,129,'9',17,1663,1),(27004,2022,1,8652,489,'22',72,8069,11),(27004,2022,2,7711,365,'19',83,7244,67),(27004,2022,3,8690,1028,'41',136,7485,12),(27004,2022,4,7412,633,'41',117,6621,4),(27004,2022,5,8497,554,'26',107,7810,23),(27004,2022,6,8040,589,'11',118,7322,2),(27004,2022,7,8123,673,'27',135,7288,12),(27004,2022,8,8224,580,'20',134,7490,12),(27004,2022,9,6651,462,'20',87,6082,18),(27004,2022,10,7312,458,'17',78,6759,53),(27004,2022,11,8169,758,'23',133,7255,17),(27004,2022,12,8486,970,'24',108,7384,7),(27005,2022,5,353,4,'',6,343,3),(27010,2022,5,1353,19,'3',37,1294,6),(27013,2022,5,1360,58,'3',15,1284,1),(27013,2022,9,1348,194,'23',72,1059,1),(27015,2022,1,3263,7,'1',59,3196,3),(27015,2022,5,3975,16,'3',113,3843,2),(27024,2022,6,1387,7,'',21,1359,13),(27024,2022,7,1402,15,'',31,1356,3),(27024,2022,8,1496,18,'1',44,1433,1),(27029,2022,2,2700,19,'1',9,2671,1),(27029,2022,3,2616,15,'2',15,2599,1),(27029,2022,4,2301,7,'',7,2294,1),(27029,2022,5,2721,15,'',11,2695,1),(27029,2022,7,1963,19,'1',9,1934,3),(27029,2022,11,2330,20,'1',14,2295,1),(27029,2022,12,3039,38,'3',21,2977,1),(27037,2022,7,424,6,'1',4,413,1),(27069,2022,10,2245,1,'3',14,2227,24),(27069,2022,11,2797,1,'1',1,2796,12),(27071,2022,11,336,2,'',6,328,5),(27087,2022,1,2893,6,'',2,2885,20),(27087,2022,2,2752,1,'2',6,2743,2),(27087,2022,3,2988,3,'',3,2985,5),(27087,2022,4,2719,6,'2',7,2704,9),(27087,2022,5,2900,1,'2',4,2893,30),(27087,2022,6,2820,32,'1',9,2778,18),(27087,2022,7,2594,6,'',9,2579,25),(27087,2022,8,2894,33,'3',15,2843,16),(27087,2022,9,2605,28,'1',17,2559,21),(27087,2022,10,2449,18,'1',18,2430,36),(27087,2022,11,2845,35,'',13,2797,44),(27087,2022,12,2944,66,'2',34,2842,32),(27091,2022,3,292,1,'',1,291,5),(27111,2022,5,862,14,'1',8,839,6),(28002,2022,2,1856,6,'',4,1846,1),(28003,2022,1,3100,74,'13',110,2903,3),(28003,2022,2,2766,63,'6',139,2558,22),(28003,2022,5,2962,79,'10',99,2774,7),(28003,2022,7,2577,104,'8',70,2395,3),(28003,2022,8,2749,99,'11',127,2512,2),(28003,2022,9,875,66,'6',89,714,3),(28003,2022,10,2302,80,'7',91,2124,21),(28003,2022,11,2811,188,'12',81,2530,2),(28010,2022,1,284,2,'',3,279,3),(28010,2022,2,259,4,'1',7,247,24),(28010,2022,4,247,6,'1',6,240,6),(28010,2022,5,284,13,'',4,267,7),(28010,2022,7,277,6,'1',5,265,11),(28010,2022,8,296,5,'',4,287,26),(28010,2022,9,246,1,'',3,242,23),(28010,2022,10,225,2,'1',2,222,6),(28010,2022,11,272,1,'',3,268,9),(28010,2022,12,277,1,'',7,269,9),(28014,2022,1,3192,4,'3',54,3131,4),(28014,2022,5,3976,14,'2',91,3869,1),(28023,2022,1,3695,2,'3',7,3683,9),(28023,2022,2,3336,4,'',11,3321,6),(28023,2022,3,3662,6,'',8,3648,22),(28023,2022,4,3351,14,'3',19,3315,46),(28023,2022,5,3444,10,'',24,3410,32),(28023,2022,6,3506,22,'',17,3467,23),(28023,2022,7,3499,22,'4',25,3448,12),(28023,2022,8,3753,26,'',26,3727,21),(28023,2022,9,3267,29,'3',45,3190,5),(28023,2022,10,3022,23,'1',40,2958,23),(28023,2022,11,3413,40,'10',43,3320,29),(28023,2022,12,3604,64,'1',48,3491,28),(28028,2022,4,606,5,'',9,592,3),(28055,2022,5,3365,679,'67',63,2556,4),(28055,2022,7,3320,677,'10',87,2546,9),(28055,2022,8,3389,495,'3',112,2779,73),(28080,2022,12,65,1,'',3,61,1),(29001,2022,3,1359,5,'',1,1353,44),(29001,2022,9,1217,1,'',1,1216,32),(29001,2022,10,1154,4,'',4,1150,24),(29001,2022,11,1351,5,'',4,1342,45),(29001,2022,12,1334,2,'',2,1332,33),(29013,2022,8,1582,8,'2',21,1551,2),(29013,2022,9,1304,2,'',16,1286,2),(29082,2022,1,4870,277,'16',29,4548,6),(29082,2022,2,4275,76,'11',51,4137,41),(29082,2022,4,4407,164,'13',51,4179,7),(29082,2022,5,4823,225,'14',97,4487,38),(29082,2022,7,4543,223,'12',81,4227,21),(29082,2022,9,1482,130,'4',53,1295,2),(29082,2022,10,4032,203,'7',57,3765,22),(29082,2022,11,5062,338,'9',100,4615,9),(29082,2022,12,4887,408,'15',77,4387,2),(29083,2022,10,60,3,'',1,56,1),(29089,2022,7,31,3,'',1,27,2),(30010,2022,12,45,1,'',2,42,1),(30017,2022,3,1114,12,'',9,1093,1),(30017,2022,5,1075,41,'',22,1012,22),(30017,2022,6,1034,27,'1',9,997,38),(30017,2022,9,966,22,'2',12,930,42),(30017,2022,10,892,21,'1',13,857,41),(30017,2022,11,1144,22,'2',14,1106,54),(30017,2022,12,1087,24,'',11,1052,53),(30022,2022,1,2962,4,'',9,2949,10),(30022,2022,2,2708,5,'',20,2683,1),(30022,2022,3,2959,4,'',17,2938,1),(30022,2022,4,2664,7,'',13,2644,13),(30022,2022,5,2836,8,'1',25,2802,13),(30022,2022,6,2847,14,'',11,2822,5),(30022,2022,8,3035,24,'2',19,2990,2),(30022,2022,9,2629,32,'2',46,2549,2),(30022,2022,10,2392,14,'7',47,2324,20),(30022,2022,11,2777,19,'2',48,2708,4),(30022,2022,12,2909,33,'2',44,2830,1),(30027,2022,4,1118,5,'1',8,1104,2),(30027,2022,5,1224,4,'',19,1201,3),(30027,2022,8,1288,7,'',10,1271,1),(30028,2022,2,658,9,'3',3,646,6),(30028,2022,4,584,2,'',5,577,1),(30028,2022,5,678,2,'1',10,665,2),(30028,2022,7,663,1,'1',10,652,9),(30028,2022,8,768,2,'',8,758,5),(30028,2022,9,624,2,'',8,614,14),(30028,2022,10,568,2,'',9,557,2),(30028,2022,11,732,4,'4',15,713,7),(30059,2022,1,2218,52,'18',59,2089,5),(30059,2022,2,2248,31,'5',75,2137,28),(30059,2022,5,2745,76,'6',84,2579,3),(30059,2022,7,2540,39,'4',54,2443,10),(30066,2022,10,2147,2,'2',18,2127,24),(30097,2022,2,1561,17,'3',38,1503,1),(31016,2022,2,2805,31,'',16,2758,1),(31016,2022,4,2695,136,'1',25,2533,7),(31018,2022,9,2372,45,'1',31,2295,4),(31018,2022,12,2621,66,'2',39,2514,1),(31022,2022,2,332,2,'1',11,318,3),(31022,2022,9,318,2,'1',6,309,2),(31040,2022,1,628,4,'',1,623,71),(31040,2022,3,627,1,'',1,626,68),(31040,2022,4,558,2,'',3,553,66),(31040,2022,5,628,7,'',1,620,69),(31040,2022,6,603,6,'',3,594,40),(31040,2022,7,612,1,'1',1,611,70),(31040,2022,8,611,12,'',2,597,55),(31040,2022,10,523,3,'1',4,515,18),(31040,2022,11,492,2,'',5,485,76),(31040,2022,12,313,6,'2',2,305,84),(31044,2022,4,1936,1,'1',8,1927,14),(31044,2022,7,1700,1,'1',27,1672,23),(31044,2022,8,1692,2,'',6,1684,22),(31044,2022,9,1707,4,'1',10,1692,5),(31044,2022,11,1962,2,'2',26,1934,1),(31044,2022,12,2308,18,'1',40,2249,2),(31077,2022,1,457,5,'1',9,442,20),(31077,2022,7,3605,124,'3',145,3333,1),(32006,2022,1,5618,111,'8',56,5443,110),(32006,2022,2,5627,75,'8',38,5506,99),(32006,2022,5,6132,190,'9',74,5859,50),(32006,2022,6,5956,312,'8',52,5584,1),(32006,2022,7,5853,425,'12',86,5330,32),(32006,2022,8,5357,241,'3',78,5035,525),(32006,2022,9,5507,322,'7',78,5100,2),(32012,2022,5,221,3,'1',9,208,7),(32012,2022,7,205,3,'',3,202,10),(32012,2022,10,174,1,'',5,168,7),(32012,2022,11,228,1,'',5,222,13),(32013,2022,8,3252,276,'7',43,2926,1),(32013,2022,10,2925,62,'3',44,2816,1),(32016,2022,3,2858,20,'',20,2838,2),(32043,2022,7,221,6,'',4,211,3),(32051,2022,1,2228,14,'3',48,2163,2),(32051,2022,2,2104,5,'2',23,2074,7),(32051,2022,5,2472,20,'',49,2403,1),(32058,2022,2,2060,23,'8',34,1995,3),(32058,2022,5,2391,43,'3',56,2289,3),(32065,2022,10,3223,3,'',28,3192,6),(32074,2022,9,46,1,'',2,43,2),(32086,2022,1,1352,206,'',23,1123,32),(32086,2022,2,1308,114,'',33,1161,1),(32086,2022,4,1119,53,'',43,1023,14),(32086,2022,7,950,2,'',14,934,9),(32095,2022,6,164,3,'',2,159,1),(32095,2022,9,190,2,'2',6,182,21),(32095,2022,11,208,2,'',4,202,40),(32095,2022,12,168,3,'',2,163,35),(33001,2022,10,1015,11,'',11,1004,3),(33001,2022,12,1225,23,'3',30,1169,1),(33002,2022,7,2614,26,'5',10,2573,1),(33005,2022,5,268,2,'1',5,260,1),(33010,2022,7,294,2,'',1,291,2),(33010,2022,12,294,1,'',3,290,5),(33012,2022,1,3163,4,'1',40,3118,7),(33012,2022,5,3725,7,'',89,3629,1),(33013,2022,5,3014,108,'3',35,2868,13),(33013,2022,6,2949,81,'3',34,2831,16),(33013,2022,9,2797,66,'',49,2682,17),(33013,2022,10,2667,42,'1',39,2585,16),(33013,2022,11,3149,61,'1',56,3031,21),(33013,2022,12,3110,76,'2',34,2998,21),(33014,2022,5,2822,90,'2',63,2667,12),(33014,2022,6,2708,97,'1',45,2565,43),(33014,2022,7,2763,56,'7',25,2675,36),(33014,2022,8,3012,55,'',40,2917,46),(33014,2022,9,2527,78,'2',66,2381,20),(33014,2022,10,2404,51,'3',63,2287,9),(33014,2022,11,2882,65,'2',56,2759,30),(33014,2022,12,2828,80,'',45,2703,28),(33062,2022,2,2960,170,'12',186,2592,22),(33062,2022,3,3354,171,'9',163,3011,1),(33062,2022,5,3024,320,'9',103,2592,18),(33062,2022,7,2770,241,'8',104,2417,9),(33062,2022,8,3258,290,'7',128,2833,1),(33062,2022,9,2648,259,'11',92,2286,3),(33062,2022,10,2575,198,'4',87,2286,7),(33062,2022,11,3135,302,'17',88,2728,2),(34001,2022,3,1293,18,'',10,1265,35),(34001,2022,4,1172,15,'1',4,1152,22),(34001,2022,5,1802,4,'',7,1791,19),(34001,2022,7,1738,10,'1',10,1727,2),(34001,2022,8,953,17,'5',11,920,12),(34001,2022,9,1029,10,'2',15,1002,63),(34001,2022,10,852,16,'4',12,820,32),(34001,2022,11,1407,53,'8',28,1318,10),(34001,2022,12,3150,282,'8',73,2787,22),(34046,2022,2,2989,69,'6',67,2847,44),(34046,2022,5,2920,86,'10',86,2824,26),(34046,2022,6,2942,112,'6',58,2766,2),(34046,2022,7,2671,103,'11',64,2493,33),(34046,2022,8,3157,146,'1',66,2944,2),(34046,2022,9,956,58,'2',31,865,19),(34046,2022,10,2579,96,'6',80,2397,43),(34046,2022,11,3080,153,'11',105,2811,3),(34046,2022,12,3012,217,'14',68,2713,3),(34053,2022,5,2427,48,'9',66,2304,4),(34053,2022,7,2227,43,'12',59,2113,17),(34070,2022,10,1056,2,'2',3,1051,32),(34088,2022,7,920,1,'',2,917,6),(34091,2022,6,123,3,'1',2,117,1),(35002,2022,1,4163,269,'9',118,3767,7),(35002,2022,2,3756,132,'6',178,3440,39),(35002,2022,4,3249,246,'23',205,2775,1),(35002,2022,5,3712,157,'14',171,3370,39),(35002,2022,7,3443,215,'3',141,3084,9),(35002,2022,8,3781,235,'3',177,3366,6),(35002,2022,9,1143,131,'',62,950,5),(35002,2022,10,2822,205,'2',126,2489,36),(35002,2022,11,3752,566,'7',145,3034,5),(35007,2022,2,3717,39,'4',39,3674,163),(35007,2022,5,4618,192,'5',71,4350,23),(35007,2022,6,4611,201,'3',55,4352,23),(35007,2022,7,4605,78,'3',39,4485,16),(35007,2022,8,5141,79,'2',27,5033,23),(35007,2022,9,4407,159,'6',72,4170,37),(35007,2022,10,4235,111,'5',50,4069,27),(35007,2022,11,4895,130,'3',64,4698,32),(35007,2022,12,4878,132,'2',46,4698,37),(35018,2022,12,588,3,'',6,579,1),(35021,2022,11,375,1,'',3,371,1),(35030,2022,8,695,2,'',3,690,1),(35055,2022,9,250,2,'',3,245,1),(35055,2022,12,280,1,'',3,276,2),(35056,2022,4,64,2,'1',3,58,1),(35079,2022,2,532,10,'',6,516,4),(35082,2022,10,58,1,'',1,57,10),(35082,2022,11,99,2,'',3,94,18),(35091,2022,6,230,15,'',3,212,2),(36001,2022,2,2068,4,'',13,2051,1),(36006,2022,2,1947,12,'3',50,1882,25),(36006,2022,4,2110,61,'3',68,1978,6),(36006,2022,5,2362,117,'3',54,2188,1),(36006,2022,7,2078,53,'1',34,1990,14),(36006,2022,8,1991,15,'',29,1947,7),(36006,2022,9,1704,25,'3',46,1630,2),(36006,2022,10,1607,35,'6',63,1503,1),(36006,2022,11,1889,18,'1',65,1805,6),(36006,2022,12,1876,31,'2',58,1785,3),(36011,2022,2,1326,10,'2',30,1284,3),(36011,2022,4,1340,25,'1',55,1259,1),(36011,2022,7,1418,40,'2',34,1342,5),(36011,2022,8,1490,13,'2',27,1448,1),(36011,2022,9,1284,25,'',56,1203,2),(36011,2022,11,1451,22,'5',47,1377,1),(36021,2022,3,2210,7,'1',10,2192,1),(36021,2022,5,2005,2,'2',15,1988,3),(36021,2022,6,2111,12,'1',21,2077,22),(36021,2022,7,2002,9,'1',24,1968,17),(36021,2022,8,2277,17,'2',24,2234,15),(36021,2022,9,1879,15,'2',55,1807,13),(36021,2022,10,1829,14,'',48,1767,18),(36021,2022,11,2208,22,'7',58,2121,15),(36021,2022,12,2146,28,'1',62,2055,11),(36035,2022,7,1680,61,'',40,1579,4),(36056,2022,1,2545,24,'2',49,2470,3),(36056,2022,2,2472,12,'4',32,2424,28),(36056,2022,5,3006,41,'6',83,2876,5),(36056,2022,7,2727,48,'3',57,2619,15),(36077,2022,7,1458,26,'2',22,1408,3),(36081,2022,6,34,2,'',1,31,1),(36086,2022,11,1827,1,'1',6,1820,36),(36095,2022,1,949,94,'',7,848,9),(36095,2022,2,905,60,'',11,834,3),(36095,2022,7,719,4,'',5,710,6),(37005,2022,1,4315,55,'5',59,4196,121),(37005,2022,2,4618,44,'8',36,4530,67),(37005,2022,5,5025,179,'5',51,4790,62),(37005,2022,7,4943,421,'5',60,4457,28),(37005,2022,8,4146,263,'12',105,3766,114),(37011,2022,1,4509,10,'4',80,4415,6),(37011,2022,3,4783,15,'1',143,4624,1),(37011,2022,5,4972,21,'5',167,4779,4),(37013,2022,2,1267,6,'1',22,1238,7),(37013,2022,7,1314,32,'3',45,1234,1),(37013,2022,9,1252,20,'3',54,1175,1),(37013,2022,12,1341,19,'2',38,1282,1),(37018,2022,5,764,4,'',9,751,2),(37018,2022,6,792,2,'',12,778,8),(37018,2022,7,797,3,'',7,787,24),(37018,2022,8,859,9,'',22,828,55),(37018,2022,9,711,5,'',26,680,33),(37018,2022,10,666,7,'',20,639,20),(37018,2022,11,822,9,'2',23,788,20),(37018,2022,12,803,5,'2',31,765,9),(37029,2022,2,291,2,'',24,265,11),(37029,2022,5,321,4,'1',15,301,1),(37029,2022,7,304,5,'2',3,294,4),(37029,2022,8,343,2,'1',2,340,1),(37029,2022,9,270,4,'1',5,260,11),(37029,2022,10,238,2,'2',5,231,2),(37029,2022,11,315,3,'2',11,299,2),(37029,2022,12,315,3,'2',5,305,3),(37050,2022,1,2027,35,'15',63,1914,6),(37050,2022,2,2048,29,'6',68,1945,26),(37050,2022,5,2382,36,'1',71,2274,5),(37050,2022,7,2210,24,'',47,2139,10),(37071,2022,4,1969,89,'2',26,1852,18),(37071,2022,5,2378,90,'1',15,2272,1),(38008,2022,5,4187,186,'3',68,3930,10),(38008,2022,6,4168,176,'5',61,3926,11),(38008,2022,9,4224,186,'2',77,3959,18),(38008,2022,10,4031,110,'5',69,3847,16),(38008,2022,11,4723,136,'',56,4531,20),(38008,2022,12,4679,153,'5',45,4476,17),(38021,2022,1,1532,7,'2',17,1506,2),(38021,2022,5,2684,8,'',21,2655,1),(38032,2022,2,1587,42,'3',80,1462,11),(38098,2022,8,300,7,'',21,272,1),(39001,2022,9,2804,9,'3',3,2792,3),(39005,2022,7,2346,16,'',60,2270,1),(39005,2022,8,2531,161,'4',91,2275,1),(39006,2022,11,4144,74,'2',48,4020,5),(39008,2022,1,87,6,'',1,80,1),(39012,2022,7,4389,55,'4',48,4282,39),(39017,2022,2,2124,14,'1',95,2014,27),(39017,2022,5,2210,40,'1',84,2085,14),(39017,2022,7,1975,54,'4',91,1826,18),(39017,2022,10,1722,47,'3',106,1566,5),(39050,2022,4,1717,1,'',1,1716,37),(39050,2022,6,1843,1,'',1,1842,29),(39050,2022,10,1672,1,'1',13,1658,47),(39050,2022,11,1871,3,'4',21,1843,40),(39050,2022,12,1880,2,'2',7,1871,35),(40014,2022,5,1627,1,'',4,1622,1),(40015,2022,1,2828,1,'',14,2813,8),(40015,2022,2,2557,6,'1',11,2539,10),(40015,2022,3,2814,2,'1',8,2803,6),(40015,2022,4,2540,9,'1',11,2519,16),(40015,2022,5,2546,14,'2',19,2511,13),(40015,2022,6,2687,15,'2',17,2653,4),(40015,2022,7,2656,25,'1',27,2603,26),(40015,2022,8,2876,23,'',25,2828,12),(40015,2022,9,2422,21,'',35,2366,1),(40015,2022,10,2277,16,'2',47,2212,8),(40015,2022,11,2505,24,'5',44,2432,1),(40015,2022,12,2704,35,'',48,2621,8),(40016,2022,6,1081,33,'',24,1024,2),(40016,2022,7,1587,11,'',31,1545,7),(40016,2022,10,1230,2,'',20,1208,2),(40016,2022,12,1979,60,'1',61,1857,1),(40028,2022,11,1721,211,'2',98,1410,1),(40044,2022,1,3542,209,'15',143,3175,9),(40044,2022,2,3156,115,'5',195,2841,10),(40044,2022,3,3526,135,'5',186,3200,5),(40044,2022,5,3285,228,'4',118,2935,38),(40044,2022,6,3180,295,'4',110,2771,2),(40044,2022,7,2746,197,'5',90,2454,4),(40044,2022,8,3296,246,'9',118,2923,6),(40044,2022,9,2856,249,'6',121,2480,9),(40044,2022,10,2913,199,'4',103,2607,26),(40044,2022,11,3385,278,'8',113,2986,7),(40052,2022,1,2544,6,'1',9,2528,170),(40052,2022,2,2306,2,'',7,2297,169),(40052,2022,3,2544,4,'',6,2534,161),(40052,2022,4,2296,12,'',7,2277,126),(40052,2022,5,2455,15,'2',14,2424,106),(40052,2022,6,2438,7,'2',7,2429,141),(40052,2022,7,2466,18,'2',9,2437,131),(40052,2022,8,2633,13,'5',22,2593,140),(40052,2022,9,2220,19,'1',47,2153,108),(40052,2022,10,2105,8,'3',46,2048,129),(40052,2022,11,2463,19,'3',58,2383,213),(40052,2022,12,2537,24,'3',42,2468,140),(40074,2022,4,753,3,'',5,745,3),(40074,2022,10,685,4,'',5,676,29),(40074,2022,11,840,2,'',7,831,21),(40074,2022,12,825,4,'',8,813,20),(41007,2022,2,794,13,'1',19,761,7),(41007,2022,4,813,19,'1',33,760,1),(41007,2022,5,859,53,'',26,780,5),(41007,2022,7,848,24,'',17,807,11),(41007,2022,8,951,6,'',14,931,2),(41007,2022,9,816,7,'',28,781,2),(41007,2022,10,766,12,'',24,730,1),(41008,2022,2,1292,4,'4',18,1270,1),(41008,2022,5,1338,57,'3',54,1224,4),(41008,2022,7,1316,13,'2',16,1285,4),(41008,2022,9,1248,8,'2',39,1199,1),(41054,2022,5,1942,36,'3',59,1844,8),(41081,2022,4,738,19,'',9,710,3),(41081,2022,10,477,3,'',5,469,3),(42021,2022,1,447,3,'1',3,443,1),(42021,2022,2,412,1,'',8,403,1),(42053,2022,2,2977,72,'4',139,2762,1),(42053,2022,3,3091,257,'8',116,2710,1),(42053,2022,5,3034,98,'16',61,2859,19),(42053,2022,7,2679,107,'6',61,2505,3),(42053,2022,10,2537,161,'4',69,2303,6),(42053,2022,11,2944,205,'9',89,2641,1),(42054,2022,9,1774,38,'',93,1643,11),(42054,2022,10,1824,21,'1',86,1716,22),(42074,2022,1,2718,10,'1',9,2698,18),(42074,2022,2,2455,1,'1',12,2442,28),(42074,2022,3,2680,7,'1',22,2650,37),(42074,2022,4,2376,5,'2',20,2349,26),(42074,2022,5,2588,5,'1',21,2561,32),(42074,2022,6,2696,26,'3',14,2653,20),(42074,2022,7,2131,12,'',20,2099,1),(42074,2022,8,2354,14,'1',17,2322,1),(42074,2022,10,1748,10,'4',28,1706,5),(43005,2022,2,2608,32,'5',29,2542,1),(43005,2022,3,2789,63,'5',53,2668,50),(43005,2022,8,2639,104,'4',67,2464,9),(43005,2022,10,2165,160,'5',91,1909,1),(43015,2022,9,1374,19,'',42,1313,8),(43016,2022,1,3693,15,'5',75,3598,5),(43016,2022,5,4213,12,'',91,4110,8),(43016,2022,9,3712,38,'4',168,3502,3),(43016,2022,10,2754,82,'1',121,2550,2),(43016,2022,11,4131,27,'1',95,4008,1),(43072,2022,4,1799,73,'1',19,1706,4),(43072,2022,5,1856,55,'1',34,1766,1),(43081,2022,11,97,2,'1',1,94,1),(44004,2022,1,4184,44,'7',46,4087,68),(44004,2022,2,4322,44,'15',52,4211,79),(44004,2022,5,4813,131,'7',78,4597,35),(44004,2022,6,4631,168,'10',44,4409,2),(44004,2022,7,4646,200,'11',63,4372,19),(44004,2022,8,4235,146,'8',99,3982,2),(44004,2022,10,3802,187,'4',86,3525,1),(44006,2022,3,5426,132,'18',86,5190,160),(44024,2022,5,968,2,'',8,958,1),(44024,2022,7,922,3,'',5,914,6),(44024,2022,10,648,1,'',4,643,2),(44074,2022,2,1570,35,'8',19,1508,155),(44074,2022,4,1988,74,'2',26,1886,20),(44074,2022,5,2407,74,'2',21,2310,1),(44080,2022,10,309,2,'',3,304,1),(44081,2022,11,1808,2,'',9,1797,36),(44082,2022,9,45,1,'1',2,42,6),(45012,2022,5,1627,3,'2',4,1618,2),(45012,2022,6,1555,5,'1',9,1540,4),(45012,2022,12,1572,10,'2',3,1557,4),(45015,2022,2,814,2,'2',7,805,2),(45015,2022,7,843,5,'1',21,816,4),(45015,2022,8,924,1,'',7,916,3),(45015,2022,11,877,7,'2',14,854,1),(45015,2022,12,876,11,'1',9,855,1),(45027,2022,11,2266,30,'1',30,2235,3),(46003,2022,1,2784,19,'',26,2739,15),(46003,2022,2,2634,8,'9',23,2594,2),(46006,2022,1,1768,1,'',4,1763,2),(46006,2022,3,1606,2,'1',2,1603,12),(46006,2022,4,1420,2,'',6,1412,12),(46006,2022,6,1698,2,'',7,1689,17),(46006,2022,9,1407,4,'1',9,1393,9),(46006,2022,10,1219,2,'',5,1212,7),(46006,2022,11,1419,10,'1',12,1396,9),(46006,2022,12,2030,20,'2',17,1991,17),(46007,2022,3,2448,7,'2',12,2427,5),(46022,2022,7,1051,22,'3',38,988,4),(47006,2022,5,3869,58,'3',48,3760,7),(47006,2022,7,3809,71,'8',49,3681,36),(47006,2022,8,3346,64,'1',70,3211,3),(47006,2022,10,3175,130,'5',62,2978,1),(47063,2022,10,4179,2,'1',17,4159,6),(47091,2022,1,3633,34,'4',102,3493,22),(47091,2022,10,1717,41,'3',45,1628,1),(48030,2022,3,1931,8,'2',3,1918,86),(48030,2022,5,1826,14,'1',1,1811,94),(48030,2022,6,1646,2,'',1,1643,77),(48030,2022,8,2006,1,'2',2,2003,127),(48030,2022,9,1723,4,'1',2,1716,103),(48030,2022,10,1639,8,'2',6,1623,91),(48030,2022,11,1907,2,'6',8,1891,107),(49005,2022,1,2587,4,'',16,2567,21),(49005,2022,2,2314,5,'',16,2293,21),(49005,2022,3,2377,4,'',37,2336,35),(49005,2022,4,1965,8,'1',31,1925,9),(49005,2022,5,2473,7,'',39,2427,17),(49005,2022,6,2722,8,'3',28,2683,11),(49005,2022,8,2472,9,'',21,2442,4),(49005,2022,9,1882,6,'',38,1838,10),(49005,2022,10,1659,2,'',21,1636,11),(49005,2022,11,2380,9,'2',29,2340,21),(49005,2022,12,2854,44,'1',33,2776,13),(49014,2022,1,2187,1,'1',9,2177,45),(49014,2022,2,1976,6,'1',12,1957,51),(49014,2022,3,2168,35,'2',24,2107,49),(49014,2022,4,1995,8,'1',12,1974,35),(49014,2022,5,2175,5,'5',18,2152,26),(49014,2022,6,2257,6,'3',12,2236,27),(49014,2022,7,2213,6,'3',25,2179,53),(49014,2022,8,2432,11,'2',24,2395,78),(49014,2022,9,2010,10,'1',37,1962,125),(49014,2022,10,1887,10,'1',47,1829,63),(49014,2022,11,2235,17,'4',75,2139,79),(49014,2022,12,2284,19,'3',59,2203,109),(50020,2022,7,924,5,'',3,916,5),(50020,2022,11,760,2,'3',2,755,2),(50087,2022,5,1222,1,'',7,1214,12),(50087,2022,6,1135,1,'',6,1128,20),(50087,2022,8,1053,3,'',9,1041,1),(50087,2022,10,837,1,'',4,832,28),(50087,2022,11,933,2,'',13,918,18),(50087,2022,12,1247,5,'',22,1220,19),(51002,2022,1,1917,99,'5',57,1756,6),(51002,2022,2,1727,17,'2',32,1676,12),(51002,2022,5,2012,127,'1',66,1818,1),(51002,2022,7,1813,37,'1',35,1740,10),(51002,2022,8,1822,20,'1',35,1766,2),(51002,2022,9,1565,23,'3',50,1489,2),(51002,2022,10,1485,29,'',52,1404,1),(51002,2022,12,1714,25,'',59,1630,1),(51003,2022,2,752,4,'',8,740,1),(51003,2022,7,758,10,'',22,726,3),(51004,2022,2,3010,19,'9',39,2943,1),(51004,2022,3,3242,33,'11',89,3109,8),(51004,2022,4,2761,81,'12',81,2668,1),(51004,2022,11,3294,80,'9',166,3039,1),(51007,2022,3,4540,119,'10',137,4274,98),(51007,2022,4,3397,150,'12',99,3136,1),(51019,2022,6,1054,8,'3',4,1039,1),(51054,2022,1,1486,4,'2',1,1479,66),(51054,2022,2,1364,2,'1',5,1356,89),(51054,2022,3,1474,1,'',6,1467,141),(51054,2022,4,1332,6,'2',7,1317,127),(51054,2022,5,1350,2,'',12,1336,66),(51054,2022,6,1393,12,'',12,1381,13),(51054,2022,7,1367,4,'',6,1357,37),(51054,2022,8,1508,9,'',9,1499,14),(51054,2022,9,1309,8,'',31,1270,24),(51054,2022,10,1219,18,'1',39,1161,26),(51054,2022,11,1268,19,'2',69,1178,19),(51054,2022,12,1461,24,'5',37,1395,21),(52004,2022,4,3575,197,'6',41,3331,7),(53009,2022,1,2387,54,'2',34,2297,4),(53009,2022,2,2076,29,'4',31,2012,80),(53009,2022,4,2326,51,'5',61,2209,19),(53009,2022,5,2714,128,'2',81,2503,10),(53009,2022,7,2317,45,'3',29,2240,38),(53009,2022,8,2670,30,'4',38,2598,19),(53009,2022,9,2450,16,'3',43,2388,6),(53009,2022,10,2350,32,'4',65,2249,2),(53009,2022,11,2772,21,'3',63,2685,2),(53009,2022,12,2718,46,'3',58,2611,5),(53012,2022,2,1700,2,'',7,1691,1),(53012,2022,3,1858,3,'',10,1845,18),(53012,2022,4,1646,20,'1',6,1619,15),(53012,2022,5,1779,8,'',9,1762,17),(53012,2022,6,1554,33,'',7,1514,23),(53012,2022,7,1729,8,'',6,1715,17),(53012,2022,8,1937,9,'2',7,1919,15),(53012,2022,9,1602,20,'1',37,1544,3),(53012,2022,10,1474,40,'',21,1413,2),(53012,2022,11,1817,19,'7',29,1762,17),(53012,2022,12,1809,82,'3',30,1694,18),(53014,2022,1,1959,2,'2',8,1949,24),(53014,2022,2,1870,4,'1',6,1859,30),(53014,2022,3,2114,2,'1',6,2105,42),(53014,2022,4,1882,14,'4',4,1864,22),(53014,2022,5,2038,5,'',10,2023,43),(53014,2022,6,2049,28,'2',19,2000,28),(53014,2022,7,1995,12,'',16,1967,35),(53014,2022,8,2227,14,'2',9,2202,26),(53014,2022,9,1872,13,'3',30,1826,45),(53014,2022,10,1729,38,'4',20,1667,30),(53014,2022,11,2108,34,'4',14,2056,58),(53014,2022,12,2104,92,'13',25,1974,45),(53073,2022,2,2363,27,'5',119,2212,13),(53073,2022,4,2243,19,'4',85,2135,8),(53073,2022,5,2398,23,'7',81,2287,65),(53073,2022,6,2426,23,'8',69,2326,2),(53073,2022,7,2372,22,'5',83,2262,29),(53073,2022,8,2537,22,'2',85,2428,1),(53073,2022,9,797,3,'4',39,751,2),(53073,2022,10,2100,43,'6',109,1942,21),(54003,2022,2,5434,90,'17',45,5282,1),(54003,2022,3,5745,136,'10',54,5545,123),(54003,2022,5,5904,144,'8',61,5691,1),(54009,2022,8,481,2,'',2,479,3),(54009,2022,9,378,4,'',3,371,5),(54010,2022,1,2017,2,'',7,2008,4),(54010,2022,7,1926,7,'2',4,1913,2),(54010,2022,8,2124,12,'1',9,2102,3),(54010,2022,11,2004,11,'3',16,1974,1),(54073,2022,3,2308,173,'5',30,2100,1),(54073,2022,4,1906,77,'7',14,1808,16),(54073,2022,5,2333,67,'1',14,2251,1),(55003,2022,11,4350,90,'',59,4201,5),(55008,2022,1,4576,338,'22',65,4151,6),(55008,2022,2,4117,176,'5',148,3788,52),(55008,2022,3,4856,533,'20',126,4177,5),(55008,2022,5,4410,336,'10',99,3965,23),(55008,2022,6,4386,256,'7',80,4043,2),(55008,2022,7,4119,314,'7',105,3693,10),(55008,2022,9,3979,293,'2',89,3595,9),(55008,2022,10,3947,266,'8',96,3577,41),(55008,2022,11,4416,327,'5',104,3980,10),(55008,2022,12,4796,562,'7',111,4116,3),(55009,2022,1,2148,47,'32',54,2015,1),(55009,2022,2,1940,10,'12',64,1854,1),(55009,2022,5,2158,30,'42',65,2021,22),(55009,2022,9,658,62,'2',72,522,4),(55009,2022,10,1717,67,'5',90,1555,9),(55009,2022,11,2054,73,'4',104,1873,1),(55013,2022,1,531,2,'',3,526,19),(56006,2022,2,2544,15,'',40,2489,121),(56006,2022,3,2756,6,'1',27,2722,30),(56006,2022,6,2601,6,'1',14,2580,28),(56006,2022,9,2370,2,'2',29,2339,34),(56009,2022,1,441,2,'',2,439,2),(56017,2022,5,1806,3,'1',41,1761,1),(56017,2022,7,3357,15,'2',48,3292,1),(56017,2022,9,3096,33,'1',134,2928,1),(57002,2022,5,2718,58,'3',22,2635,1),(57014,2022,1,448,4,'4',2,442,13),(57033,2022,5,2549,84,'9',51,2405,29),(57033,2022,6,2428,90,'5',42,2291,38),(57033,2022,9,2342,64,'5',38,2235,39),(57033,2022,10,2253,40,'5',33,2175,32),(57033,2022,11,2629,28,'3',44,2554,44),(57033,2022,12,2582,54,'1',35,2492,44),(58004,2022,11,2129,1,'',2,2126,2),(58082,2022,1,605,1,'',4,600,2),(59013,2022,5,2232,2,'',9,2221,12),(59013,2022,6,2183,1,'1',1,2182,6),(59013,2022,7,2151,3,'2',8,2138,6),(59013,2022,10,1692,2,'',6,1684,2),(59013,2022,11,1864,3,'',23,1838,1),(59015,2022,1,4802,25,'6',4,4767,162),(59015,2022,2,4589,57,'4',5,4523,194),(59015,2022,3,5153,30,'1',7,5115,177),(59015,2022,4,4214,23,'2',6,4183,70),(59015,2022,5,4843,42,'2',11,4788,121),(59015,2022,6,5687,35,'3',11,5638,154),(59015,2022,7,4035,12,'2',15,4006,190),(59015,2022,8,4479,15,'1',11,4452,150),(59015,2022,9,3660,26,'',7,3627,160),(59015,2022,10,3008,9,'7',3,2989,173),(59015,2022,11,4433,27,'12',10,4384,238),(59015,2022,12,6912,106,'6',13,6787,211),(60002,2022,2,5352,76,'7',47,5222,1),(60002,2022,3,5629,131,'5',63,5430,125),(60002,2022,10,4184,227,'5',112,3840,1),(60021,2022,2,1952,3,'',4,1945,13),(60021,2022,3,2137,6,'',12,2119,24),(60021,2022,4,1952,30,'1',10,1911,16),(60021,2022,5,2177,7,'',14,2156,20),(60021,2022,6,1996,25,'2',18,1951,10),(60021,2022,7,1900,21,'3',48,1828,10),(60021,2022,8,1300,16,'2',21,1261,8),(60021,2022,9,1276,10,'1',26,1239,6),(60021,2022,10,1356,8,'3',32,1313,12),(60021,2022,11,1474,4,'1',20,1449,8),(60021,2022,12,2341,133,'1',57,2150,3),(61002,2022,5,3326,105,'4',44,3173,25),(61002,2022,6,3219,131,'3',52,3033,24),(61002,2022,9,3074,79,'2',43,2950,38),(61002,2022,10,2959,30,'2',35,2892,35),(61002,2022,11,3454,48,'',31,3375,48),(61002,2022,12,3399,55,'1',37,3306,47),(61015,2022,2,1482,1,'1',1,1481,1),(62003,2022,2,2636,111,'4',310,2211,13),(62003,2022,4,2553,82,'4',230,2237,5),(62003,2022,5,3167,250,'3',283,2631,10),(62003,2022,7,2708,240,'3',275,2190,4),(62003,2022,8,3044,234,'5',290,2515,6),(62003,2022,9,2637,273,'3',238,2123,1),(62003,2022,10,2577,169,'3',197,2208,21),(62003,2022,11,3153,299,'2',276,2576,7),(63006,2022,1,2394,7,'3',43,2341,4),(63006,2022,2,2276,6,'',37,2233,1),(63006,2022,5,2576,8,'',66,2502,6),(63006,2022,9,2849,27,'2',104,2716,1),(63006,2022,10,2071,66,'3',64,1938,1),(63080,2022,2,477,3,'',3,474,6),(63080,2022,5,500,4,'1',4,495,5),(64080,2022,9,1045,1,'1',3,1041,1),(65005,2022,3,463,3,'1',4,455,1),(65008,2022,2,1340,5,'3',21,1311,3),(65008,2022,3,1466,4,'',9,1453,5),(65008,2022,4,1301,1,'2',26,1272,1),(65008,2022,5,1408,6,'',28,1374,6),(65008,2022,6,1196,15,'',20,1161,18),(65008,2022,7,1137,9,'',17,1111,23),(65008,2022,8,980,2,'',34,944,6),(65008,2022,9,751,1,'2',18,730,4),(65008,2022,10,690,9,'',21,660,16),(65008,2022,11,951,6,'',42,903,5),(66002,2022,1,4432,58,'5',77,4292,131),(66002,2022,2,4438,39,'7',57,4335,117),(66002,2022,4,4224,188,'6',68,3962,2),(66002,2022,5,4897,144,'7',83,4663,55),(66002,2022,7,4677,347,'5',103,4222,37),(66002,2022,8,4692,246,'10',132,4304,1),(66002,2022,10,3933,260,'12',126,3535,1),(67002,2022,1,4503,39,'14',14,4450,11),(67003,2022,12,3169,36,'1',13,3119,10),(67008,2022,7,462,2,'',3,457,5),(67008,2022,8,501,5,'1',5,495,3),(67011,2022,11,2050,22,'3',39,1986,4),(68003,2022,11,2107,1,'',4,2102,2),(68004,2022,1,1731,51,'1',37,1642,1),(68004,2022,2,1531,19,'5',37,1470,7),(68004,2022,4,1535,50,'2',101,1382,1),(68004,2022,5,1654,68,'2',92,1492,1),(68004,2022,7,1598,26,'',47,1525,7),(68004,2022,8,1794,19,'',54,1721,2),(68004,2022,9,1533,29,'4',59,1441,1),(68005,2022,1,1665,63,'',45,1557,1),(68005,2022,2,1484,6,'',43,1435,3),(68005,2022,5,1574,97,'',99,1378,1),(68005,2022,7,1528,28,'2',47,1451,1),(68005,2022,8,1639,8,'1',88,1542,1),(68005,2022,9,1455,16,'1',82,1356,2),(69001,2022,1,1951,96,'',53,1802,1),(69001,2022,2,1777,19,'',55,1703,4),(69001,2022,4,1804,58,'1',55,1690,3),(69001,2022,5,1980,95,'3',47,1835,1),(69001,2022,7,1837,53,'4',29,1751,6),(69001,2022,8,1951,17,'2',35,1897,6),(69001,2022,9,1643,24,'5',39,1575,1),(69001,2022,12,1822,24,'2',30,1766,1),(69081,2022,2,1180,19,'6',75,1080,2),(69081,2022,5,1270,19,'1',50,1200,13),(69081,2022,7,1176,32,'',52,1092,6),(70001,2022,3,2457,71,'32',95,2259,1),(70001,2022,7,2253,49,'2',34,2168,7),(70013,2022,1,3052,9,'1',46,2996,3),(70013,2022,5,3754,14,'3',97,3640,2),(71003,2022,1,1139,3,'',2,1134,5),(71003,2022,3,1154,1,'',6,1147,5),(71003,2022,4,1058,4,'',8,1046,4),(71003,2022,5,1129,1,'1',7,1121,11),(71003,2022,6,1119,5,'',4,1110,2),(71003,2022,7,1105,2,'1',7,1095,7),(71003,2022,8,1213,3,'',4,1206,5),(71003,2022,9,1044,4,'',9,1031,1),(71003,2022,10,979,10,'1',5,963,9),(71003,2022,11,1143,5,'2',13,1123,8),(71003,2022,12,1132,28,'2',7,1095,8),(72001,2022,2,3299,82,'7',24,3186,1),(72001,2022,3,3571,97,'15',44,3415,75),(72001,2022,4,2971,111,'5',29,2826,1),(72001,2022,7,3430,142,'6',63,3219,1),(72001,2022,8,3091,113,'6',83,2889,15),(72001,2022,10,2781,229,'8',64,2480,2),(72001,2022,12,3349,208,'9',61,3071,2),(72004,2022,1,2902,6,'',13,2883,4),(72004,2022,2,2687,4,'1',6,2676,16),(72004,2022,3,2988,11,'1',18,2958,29),(72004,2022,4,2694,15,'',19,2660,34),(72004,2022,5,2962,5,'1',15,2941,7),(72004,2022,9,2656,27,'3',43,2583,3),(72004,2022,10,2517,45,'2',49,2421,7),(72004,2022,11,3016,99,'5',30,2882,4),(72004,2022,12,2968,67,'4',38,2859,5),(72005,2022,9,2418,7,'',20,2391,3),(73003,2022,6,1670,15,'',8,1647,5),(73003,2022,7,1654,15,'',8,1631,1),(73003,2022,11,1256,2,'2',7,1247,4),(73003,2022,12,1908,83,'4',27,1794,1),(73008,2022,2,1661,7,'1',10,1643,1),(73008,2022,3,1812,7,'',16,1789,5),(73008,2022,5,1638,31,'1',19,1587,1),(73008,2022,6,1686,16,'1',6,1663,2),(73008,2022,8,1872,9,'3',4,1856,1),(73008,2022,10,1460,38,'13',7,1402,1),(76015,2022,2,3224,9,'1',6,3208,8),(76015,2022,3,3520,17,'2',16,3485,20),(76015,2022,4,3154,49,'',7,3098,21),(76015,2022,5,3481,14,'1',15,3451,27),(76015,2022,6,3175,41,'',12,3122,8),(76015,2022,7,2763,12,'',14,2737,36),(76015,2022,8,2019,18,'',3,1998,2),(76015,2022,10,2049,18,'1',27,2003,23),(76015,2022,11,2441,19,'2',30,2390,10),(76015,2022,12,3712,186,'2',39,3485,15),(77003,2022,8,3288,14,'2',3,3269,1),(77005,2022,6,1308,34,'',8,1266,6),(77005,2022,11,1233,46,'',22,1165,1),(77005,2022,12,1293,40,'1',21,1231,8),(77015,2022,6,3686,41,'1',14,3630,2),(77015,2022,7,3422,47,'3',17,3355,3),(78002,2022,2,1694,2,'2',8,1684,10),(78003,2022,5,1625,1,'',17,1607,4),(78015,2022,4,2388,12,'3',26,2347,1),(78015,2022,5,2390,1,'',8,2381,2),(78015,2022,7,2473,8,'',27,2438,4),(78015,2022,8,2286,133,'3',71,2079,1),(79002,2022,2,2655,3,'1',8,2643,5),(79002,2022,3,2921,9,'2',25,2885,26),(79002,2022,4,2643,7,'2',33,2601,32),(79002,2022,5,2860,4,'3',18,2835,36),(79002,2022,6,2813,44,'2',15,2752,23),(79002,2022,7,2750,27,'3',15,2705,48),(79002,2022,8,3060,10,'',26,3024,42),(80001,2022,9,210,1,'',3,206,4),(80001,2022,10,191,1,'1',4,186,4),(80002,2022,1,2557,14,'1',3,2539,43),(80002,2022,2,2325,1,'3',3,2321,40),(80002,2022,3,2771,16,'2',10,2743,5),(81001,2022,1,8234,888,'24',75,7247,4),(81001,2022,2,7511,253,'13',65,7180,26),(81001,2022,4,6785,640,'36',178,5931,5),(81001,2022,5,7518,670,'35',208,6605,72),(81001,2022,6,7365,774,'27',154,6410,4),(81001,2022,7,6589,629,'36',150,5774,29),(81001,2022,8,6846,601,'23',188,6034,1),(81001,2022,9,2367,363,'3',59,1942,26),(81001,2022,10,6551,652,'12',105,5782,37),(81001,2022,11,7609,1074,'15',148,6372,14),(81001,2022,12,7869,1491,'24',124,6230,2),(81005,2022,3,2778,7,'2',57,2712,1),(81005,2022,5,2731,4,'3',63,2661,3),(82001,2022,1,4695,69,'6',33,4587,135),(82001,2022,2,4980,58,'20',25,4877,76),(82001,2022,3,5543,87,'13',42,5401,7),(82001,2022,5,5423,193,'4',47,5179,43),(82001,2022,7,5266,324,'6',57,4879,22),(82001,2022,8,4286,174,'9',74,4029,4),(82004,2022,1,2673,2,'',48,2623,3),(82004,2022,5,3070,8,'1',69,2992,2),(82011,2022,2,1721,11,'4',20,1686,3),(82011,2022,3,2894,54,'9',50,2781,2),(82011,2022,5,2748,93,'4',65,2586,10),(82011,2022,7,2645,93,'4',35,2513,7),(82011,2022,10,2333,102,'4',34,2193,8),(83001,2022,1,4841,92,'52',10,4687,54),(83001,2022,2,3960,72,'1',12,3875,22),(83001,2022,3,9453,119,'',14,9320,11),(83001,2022,4,6773,103,'',24,6646,6),(83001,2022,6,7467,158,'',60,7249,1),(84003,2022,5,2727,12,'6',6,2709,3),(84003,2022,9,2437,7,'2',8,2420,4),(84004,2022,1,1642,26,'4',9,1603,15),(84015,2022,1,1794,6,'',20,1768,1),(84015,2022,4,2008,36,'4',41,1927,1),(84015,2022,7,1721,14,'',17,1690,3),(84015,2022,8,2708,69,'',63,2576,111),(84015,2022,10,1615,28,'2',36,1549,3),(84015,2022,11,1852,17,'',33,1802,44),(85003,2022,2,2423,17,'6',12,2388,8),(85003,2022,3,2779,16,'5',37,2721,54),(85003,2022,4,2514,11,'1',29,2473,47),(85003,2022,5,2661,4,'5',14,2638,31),(85003,2022,6,2654,28,'2',35,2589,14),(85003,2022,7,2612,33,'3',17,2559,30),(85003,2022,8,2887,20,'7',37,2823,26),(89003,2022,2,380,4,'',6,370,1),(92002,2022,1,1887,7,'',18,1862,13),(94004,2022,1,2045,52,'5',57,1931,2),(94004,2022,2,1859,36,'2',67,1754,25),(94004,2022,5,2051,44,'10',63,1934,10),(94004,2022,7,1881,67,'2',62,1750,5),(94004,2022,9,625,15,'',36,574,3),(94004,2022,10,1678,46,'3',55,1574,8),(94004,2022,11,1997,58,'3',70,1866,6),(97001,2022,3,2439,4,'3',14,2418,15),(97001,2022,4,2312,7,'2',7,2303,19),(97001,2022,5,2487,3,'',10,2474,15),(97001,2022,6,2433,10,'',1,2422,9),(97001,2022,7,2461,2,'3',9,2447,17),(97001,2022,8,2635,1,'2',3,2629,15),(97001,2022,9,2278,3,'',13,2262,6),(98005,2022,1,1407,29,'4',7,1367,8),(99002,2022,2,3030,135,'3',183,2709,12),(99002,2022,4,2995,205,'21',78,2691,5),(99002,2022,5,3493,407,'11',114,2961,29),(99002,2022,6,3395,333,'10',116,2936,6),(99002,2022,7,3109,315,'3',102,2689,34),(99002,2022,8,3403,380,'4',139,2880,5),(99002,2022,9,2902,320,'6',125,2451,6),(99002,2022,10,2948,252,'3',90,2603,26),(99002,2022,11,3325,314,'8',103,2900,5),(99002,2022,12,3625,496,'18',99,3012,2);
/*!40000 ALTER TABLE `trip` ENABLE KEYS */;
UNLOCK TABLES;
/*!40103 SET TIME_ZONE=@OLD_TIME_ZONE */;

/*!40101 SET SQL_MODE=@OLD_SQL_MODE */;
/*!40014 SET FOREIGN_KEY_CHECKS=@OLD_FOREIGN_KEY_CHECKS */;
/*!40014 SET UNIQUE_CHECKS=@OLD_UNIQUE_CHECKS */;
/*!40101 SET CHARACTER_SET_CLIENT=@OLD_CHARACTER_SET_CLIENT */;
/*!40101 SET CHARACTER_SET_RESULTS=@OLD_CHARACTER_SET_RESULTS */;
/*!40101 SET COLLATION_CONNECTION=@OLD_COLLATION_CONNECTION */;
/*!40111 SET SQL_NOTES=@OLD_SQL_NOTES */;

-- Dump completed on 2024-04-06 10:00:56
